VWD_type,Mutant_region,Mutation_type,Amino_acid_exchange,Nucleotide_change,Inheritance,Inheritance_related,Domain,Location,Plasma_multimers,In_vitro_multimers,Increased_clearance,Decreased_secretion_in_vitro,Extra_remarks,References,Comments,,,
1,,missense,Gly19Arg,,Heterozygous,,SP,Exon 2,Normal,Normal,,No,,,,,,
1,,missense,Gly39Arg,,-,,D1,Exon 3,,Only dimers in single transfection,,Yes,,,,,,
1,,missense,Ser49Arg,,Heterozygous,,D1,Exon 3,,"Loss of HMW VWF in single
transfection",,,,,,,,
1,,missense,Leu60Pro,,Heterozygous,,D1,Exon 3,Normal,,,,,,,,,
1,,missense,Asn99Ser,,-,,D1,Exon 4,,,,,,,,,,
1,,missense,Ala138Asp,,-,,D1,Exon 5,,,,,,,,,,
1,,missense,Asp141Asn,,-,,D1,Exon 5,,"Loss of HMW and intermediate VWF in single transfection, normal
in co-transfection",,Yes,,,,,,
1,,missense,Asp141Gly,,Heterozygous,,D1,Exon 5,,,,,,,,,,
1,,missense,Gln147Arg,,Compound heterozygous,Cys2362*,D1,Exon 5,,,,,,,,,,
1,,missense,Gly160Trp,,Heterozygous,,D1,Exon 5,Normal,"Mainly dimers in lysates single
transfection",No,Yes,,,,,,
1,,missense,Asn166Ile,,Heterozygous,,D1,Exon 5,Normal,"Mainly dimers in lysates single
transfection",No,Yes,,,,,,
1,,missense,Trp191Arg,,Heterozygous,,D1,Exon 6,,,,,,,,,,
1,,missense,Arg273Trp,,Homozygous,,D1,Exon 7,,Only dimers in single transfection,,Yes,,,,,,
1,,missense,Cys275Arg,,Heterozygous,,D1,Exon 7,Normal,"Only dimers in single transfection,
normal in co-transfection",,Yes,,,,,,
1,,missense,Cys275Ser,,-,,D1,Exon 7,,"Mainly dimers in single transfection, normal in co-
transfection",,Yes,,,,,,
1,,missense,Tyr301Cys,,-,,D1,Exon 8,,,,,,,,,,
1,,missense,Arg324Gln,,Heterozygous,,D1,Exon 8,Normal,Normal,,Yes,,,,,,
1,,missense,Cys325Phe,,-,,D1,Exon 8,,,,,,,,,,
1,,missense,Cys379Gly,,Heterozygous,,D1,Exon 10,Normal,"Loss of HMW and intermediate VWF in single transfection, normal
in co-transfection",,Yes,,,,,,
1,,missense,Gln499His,,Heterozygous,,D2,Exon 13,,,,,,,,,,
1,,missense,Ala542Gly,,-,,D2,Exon 14,,,,,,,,,,
1,,missense,Trp553Arg,,-,,D2,Exon 14,,,,,,,,,,
1,,missense,Met576Ile,,Heterozygous,,D2,Exon 14,,,,,,,,,,
1,,missense,Ala594Gly,,Heterozygous,,D2,Exon 15,,,,,,,,,,
1,,missense,Ala641Val,,Heterozygous,,D2,Exon 15,Normal,,No,,,,,,,
1,,missense,Met736Thr,,-,,D2,Exon 17,,,,,,,,,,
1,,missense,Arg763Gly,,-,,D2,Exon 18,"Smeary pattern, supranormal multimers","Broad, smeary bands",,Yes,"Moderate decreased FVIII binding. Only
proVWF secreted",,,,,
1,,missense,Arg763Met,,-,,D2,Exon 18,,,,,,,,,,
1,,missense,Arg768Gln,,Heterozygous,,D`,Exon 18,,,,,"Also described as type
2N mutation",,,,,
1,,missense,Met771Ile,,Heterozygous,,D`,Exon 18,Normal,"Loss of HMW and intermediate VWF in single transfection, normal
in co-transfection",No,Yes,,,,,,
1,,missense,Arg782Gln,,,,D`,Exon 18,,Normal,,Yes,,,,,,
1,,missense,Pro812Leu,,Heterozygous,,D`,Exon 18,,,,,Described as type 1/2N,,,,,
1,,missense,Arg816Trp,,Heterozygous,,D`,Exon 19,Normal,,,,"Homozygous patients
described as type 2N",,,,,
1,,missense,Arg854Gln,,Heterozygous/ Compound heterozygous,Arg2535*; unknown null allele,D`,Exon 20,Normal,Normal,,No,Homozygous patients diagnosed with type 2N,,,,,
1,,missense,Asp857Ser,,Heterozygous,,D`,Exon 20,,,,,,,,,,
1,,missense,Cys858Trp,,Heterozygous,,D`,Exon 20,,,,,,,,,,
1,,missense,Leu881Arg,,"Compound heterozygous
(Asn1421Lys)",Asn1421Lys,D3,Exon 20,Normal,Normal,,No,,,,,,
1,,missense,Arg924Gln,,Heterozygous,,D3,Exon 21,Normal,Normal,,,"Homozygous patients
diagnosed with type 2N",,,,,
1,,missense,Arg924Trp,,Heterozygous,,D3,Exon 21,,Normal,,No,,,,,,
1,,missense,Cys996Glu,,Heterozygous,,D3,Exon 23,,,,,,,,,,
1,,missense,Phe1021Cys,,-,,D3,Exon 23,,,,,,,,,,
1,,missense,Cys1060Tyr,,Heterozygous,,D3,Exon 24,2A (IIE),"Loss of HMW and intermediate VWF in single transfection, normal
in co-transfection",,Moderate,"Disruption of intrachain disulfide bond between
Cys1060-",,,,,
1,,missense,Ile1094Thr,,Heterozygous,,D3,Exon 25,Normal,Normal,,No,Enhanced FVIII binding,,,,,
1,,missense,Cys1111Tyr,,Heterozygous,,D3,Exon 25,,,,,,,,,,
1,,missense,Cys1130Arg,,Heterozygous,,D3,Exon 26,"Variable. Normal, loss of HMW, reduced proteolytic
band",Loss of HMW VWF in single transfection,Yes,Yes,Also described as type 2A (IIE),,,,,
1,,missense,Cys1130Gly,,Heterozygous,,D3,Exon 26,2A (IIE),,Yes,,,,,,,
1,,missense,Cys1130Phe,,Heterozygous,,D3,Exon 26,"Variable. Normal, loss of HMW, reduced proteolytic
band","Loss of HMW VWF in single transfection, slight decrease of
HMW VWF in co-transfection",Yes,Yes,,,,,,
1,,missense,Trp1144Gly,,Heterozygous,,D3,Exon 26,"Variable. Decrease of HMW,
reduced proteolytic band","Loss of HMW VWF in single
transfection",Yes,,"Also described as type
2A (IIE)",,,,,
1,,missense,Tyr1146Cys,,Heterozygous,,D3,Exon 26,Decrease in HMW VWF and reduced proteolytic band,Loss of HMW VWF in single and co-transfection,,"Yes (only in single
transfection)","Decreased FVIII binding Also described as type
2A (IIE)",,,,,
1,,missense,Cys1149Arg,,Heterozygous,,D3,Exon 26,"Normal and loss of high and intermediate VWF, decreased proportions of
satellite bands",Loss of HMW VWF in single and decrease in HMW VWF in co- transfection,Yes,Yes,Also described as type 2A (IIE),,,,,
1,,missense,Thr1156Met,,Heterozygous,,D3,Exon 26,Normal,"Loss of HMW VWF in single, normal in co-transfection",,"Yes (only in single
transfection)",,,,,,
1,,missense,Glu1161Lys,,-,,D3,Exon 26,,,,,,,,,,
1,,missense,Cys1165Phe,,-,,D3,Exon 26,,,,,,,,,,
1,,missense,Arg1205Cys,,Heterozygous,,D3,Exon 27,,,Yes,,"Cleared more rapidly than Arg1205His in
VWF mouse model",,,,,
1,,missense,Arg1205His,,Heterozygous/ Compound heterozygous,Arg924Gln; Met740Ile,D3,Exon 27,Normal and supranormal multimers,Normal,Yes,,,,,,,
1,,missense,Arg1205Leu,,-,,D3,Exon 27,,,,,,,,,,
1,,missense,Arg1205Ser,,Heterozygous,,D3,Exon 27,,,Yes,,,,,,,
1,,missense,Val1229Gly,,-,,D3,Exon 28,,,,,,,,,,
1,,missense,Asn1231His,,-,,D3,Exon 28,,,,,,,,,,
1,,missense,Asn1231Thr,,-,,D3,Exon 28,,,,,,,,,,
1,,missense,Ser1263Leu,,Heterozygous,,A1,Exon 28,,,,,Described as type 1/2N,,,,,
1,,missense,Ser1285Pro,,Heterozygous,,A1,Exon 28,Small decrease in HMW VWF,,Yes,Yes,,,,,,
1,,missense,Met1304Arg,,Heterozygous,,A1,Exon 28,"Variable, between normal and loss of HMW VWF","Only LMW VWF in single transfections and loss of HMW
VWF in co-transfections",,Yes,,,,,,
1,,missense,Arg1315Cys,,Heterozygous,,A1,Exon 28,Normal/supranormal/smeary,"Only dimers in single transfections and loss of HMW VWF in co-
transfections",Yes,,Mainly described as type 2M,,,,,
1,,missense,Arg1315His,,Heterozygous,,A1,Exon 28,Normal,,,,,,,,,
1,,missense,Arg1342Cys,,Heterozygous,,A1,Exon 28,2A (IIE),,,,"VWF:RCo/VWF:Ag =
0,15",,,,,
1,,missense,Leu1361Ser,,Heterozygous,,A1,Exon 28,Normal,,Yes,,"VWF:RCo/VWF:Ag =
0,16. Also described as
type 2M",,,,,
1,,missense,Arg1374Cys,,Heterozygous,,A1,Exon 28,Decrease in HMW VWF,,Yes,,"Mainly described as
type 2M",,,,,
1,,missense,Ser1378Phe,,Heterozygous,,A1,Exon 28,,,,,"Also described as type
2M",,,,,
1,,missense,Arg1379Cys,,Heterozygous,,A1,Exon 28,Normal,Normal,Yes,,"Also described as type 2B. Slight increase in
platelet binding",,,,,
1,,missense,Arg1399His,,Heterozygous/ Compound heterozygous,c.2435 delC,A1,Exon 28,Normal,,,,"Variant also found in normal controls. Decreased collagen VI
binding",,,,,
1,,missense,Pro1413Leu,,Heterozygous,,A1,Exon 28,Normal,Normal,,No,,,,,,
1,,missense,Gly1415Asp,,Heterozygous,,A1,Exon 28,Minor abnormalities,,Yes,,Also described as type 2M,,,,,
1,,missense,Ile1416Asn,,Heterozygous,,A1,Exon 28,,Normal,Yes,Yes,Also described as type 2A and 2M,,,,,
1,,missense,Asn1421Lys,,Heterozygous,,A1,Exon 28,Normal,Normal,,,"Also described as type 2M. Decreased binding
to GPIb in vitro",,,,,
1,,missense,Ala1437Thr,,-,,A1,Exon 28,,,,,"Also described as type
2M",,,,,
1,,missense,Glu1447Gln,,-,,A1,Exon 28,,,,,,,,,,
1,,missense,Asp1472His,,Homozygous/ /Heterozygous,,A1,Exon 28,,Normal,,,"Probably SNP, slight decrease in ADAMTS13
proteolysis",,,,,
1,,missense,Ala1500Val,,-,,A2,Exon 28,,,,,"Also described as type
2A",,,,,
1,,missense,Phe1520Leu,,Heterozygous,,A2,Exon 28,,,,,,,,,,
1,,missense,Arg1564Trp,,-,,A2,Exon 28,,,,,,,,,,
1,,missense,Arg1583Trp,,Heterozygous,,A2,Exon 28,Normal,Normal,,,,,,,,
1,,missense,Tyr1584Cys,,Heterozygous,,A2,Exon 28,Normal,Normal and loss of HMW VWF described,No,No,Increased proteolysis by ADAMTS13,,,,,
1,,missense,Asn1635Thr,,-,,A2,Exon 28,,,,,,,,,,
1,,missense,Arg1668Ser,,Heterozygous,,A2,Exon 28,,,,,,,,,,
1,,missense,Ala1714Pro,,Compound heterozygous,c.5170+10C>T,A3,Exon 29,,,,,,,,,,
1,,missense,Ala1716Pro,,Heterozygous,,A3,Exon 29,Normal,"Loss of HMW and intermediate VWF in single transfection, normal
in co-transfection",,Yes,,,,,,
1,,missense,Val1760Ile,,-,,A3,Exon 30,,,Yes,,,,,,,
1,,missense,Leu1774Ser,,Heterozygous,,A3,Exon 31,,,,,,,,,,
1,,missense,Arg1779Leu,,-,,A3,Exon 31,,,,,,,,,,
1,,missense,Leu1794Glu,,Heterozygous,,A3,Exon 31,,,Yes,,,,,,,
1,,missense,Val1822Gly,,Heterozygous,,A3,Exon 32,2A (IIE),Normal,Yes,Yes,,,,,,
1,,missense,Pro1824His,,Heterozygous,,A3,Exon 32,,"Smeary pattern in single transfection, normal pattern in
co-transfection",,Yes,"Also described as type 2M. Collagen binding
defect",,,,,
1,,missense,Arg1837Trp,,Heterozygous,,A3,Exon 32,,,,,,,,,,
1,,missense,Cys1879Phe,,Heterozygous,,D4,Exon 33,,,,,,,,,,
1,,missense,Lys1887Asn,,Heterozygous,,D4,Exon 33,,,,,,,,,,
1,,missense,His1900Pro,,-,,D4,Exon 34,,,,,,,,,,
1,,missense,Leu1923Pro,,Heterozygous,,D4,Exon 34,,,,,,,,,,
1,,missense,Pro1933Leu,,Heterozygous,,D4,Exon 34,,,,,,,,,,
1,,missense,Val1934Gly,,-,,D4,Exon 34,,,,,,,,,,
1,,missense,Glu1938Asp,,Heterozygous,,D4,Exon 34,,,,,,,,,,
1,,missense,Thr1951Ala,,Heterozygous,,D4,Exon 35,,,,,,,,,,
1,,missense,Gln1964Lys,,-,,D4,Exon 35,,,,,,,,,,
1,,missense,Pro2063Ser,,Heterozygous,,D4,Exon 36,Normal,Normal,,No,,,,,,
1,,missense,Thr2104Ile,,Heterozygous,,D4,Exon 37,Normal,,,,,,,,,
1,,missense,Cys2150Trp,,-,,D4,Exon 37,,,,,,,,,,
1,,missense,Cys2150Tyr,,-,,D4,Exon 37,,,,,,,,,,
1,,missense,His2151Tyr,,-,,D4,Exon 37,,,,,,,,,,
1,,missense,Val2153Phe,,-,,D4,Exon 37,,,,,,,,,,
1,,missense,Ser2179Phe,,Heterozygous,,D4,Exon 37,Normal,,Yes,,"Increased clearance
after DDAVP",,,,,
1,,missense,Cys2184Tyr,,-,,D4,Exon 37,,,,,,,,,,
1,,missense,Arg2185Gln,,Heterozygous,,D4,Exon 39,,,,,,,,,,
1,,missense,Cys2190Trp,,-,,D4,Exon 39,,,,,,,,,,
1,,missense,Cys2190Tyr,,Heterozygous,,D4,Exon 39,Normal,"Loss of HMW and intermediate VWF in single transfection, normal
in co-transfection",,Yes,,,,,,
1,,missense,Leu2207Pro,,Heterozygous,,D4,Exon 39,Normal and abnormal described,"Loss of HMW and intermediate VWF in single transfection, normal
in co-transfection",,Yes,,,,,,
1,,missense,Cys2212Tyr,,-,,D4,Exon 39,,,,,,,,,,
1,,missense,Glu2233Lys,,-,,D4,Exon 39,,,,,,,,,,
1,,missense,Glu2233Val,,-,,D4,Exon 39,,,,,,,,,,
1,,missense,Cys2237Phe,,Heterozygous,,D4,Exon 39,Normal,,,,,,,,,
1,,missense,Cys2248Tyr,,-,,D4,Exon 39,,,,,,,,,,
1,,missense,Cys2254Tyr,,-,,D4,Exon 39,,,,,,,,,,
1,,missense,Cys2257Ser,,Heterozygous,,C1,Exon 39,"Slightly abnormal quintuplet/triplet structure with a paucity of outer sub-
bands","Loss of HMW and intermediate VWF in single transfection, normal in co-transfection",,Yes,,,,,,
1,,missense,Trp2271Gly,,-,,C1,Exon 39,,,,,,,,,,
1,,missense,Arg2287Trp,,Heterozygous,,C1,Exon 39,Normal,Normal,,Yes,,,,,,
1,,missense,Pro2297Leu,,Heterozygous,,C1,Exon 39,,,,,,,,,,
1,,missense,Cys2304Tyr,,Heterozygous,,C1,Exon 40,Normal,"Loss of HMW and intermediate VWF in single transfection, normal
in co-transfection",No,Yes,,,,,,
1,,missense,Arg2311His,,Heterozygous,,C1,Exon 40,,,,,,,,,,
1,,missense,Arg2313His,,Heterozygous,,C1,Exon 40,Normal,Normal,,No,,,,,,
1,,missense,Cys2327Tyr,,Heterozygous,,C1,Exon 41,,,,,,,,,,
1,,missense,Cys2362Phe,,Homozygous,,C2,Exon 42,"Smeary pattern, loss of triplet structure, faster running oligomers",Normal,Yes,Yes,"Loss of intrachain disulfide bond. Resistance to
ADAMTS13 described",,,,,
1,,missense,Gly2441Cys,,Heterozygous,,C3,Exon 43,"Smeary pattern, faster running oligomers","Loss of HMW and intermediate VWF in single transfection, normal
in co-transfection",Yes,Yes,,,,,,
1,,missense,Cys2448Tyr,,Heterozygous,,C3,Exon 43,,,,,,,,,,
1,,missense,Cys2451Tyr,,-,,C3,Exon 43,,,,,,,,,,
1,,missense,Arg2464Cys,,Heterozygous,,C3,Exon 43,"Smeary pattern, faster
running oligomers","Smeary pattern with fast moving
bands",,No,,,,,,
1,,missense,Gln2467Pro,,Homozygous,,C3,Exon 43,,,,,,,,,,
1,,missense,Cys2468Arg,,-,,C3,Exon 43,,,,,,,,,,
1,,missense,Ser2469Pro,,Compound heterozygous,Arg1779*,C3,Exon 43,Decrease in HMW VWF,,,,,,,,,
1,,missense,Cys2477Ser,,Heterozygous,,C3,Exon 43,,,No,,,,,,,
1,,missense,Cys2477Tyr,,Heterozygous,,C3,Exon 43,"Normal, smeary pattern, faster running oligomers","Loss of HMW and intermediate VWF in single transfection, normal
in co-transfection",,Yes,,,,,,
1,,missense,Gly2518Ser,,Heterozygous,,C4,Exon 45,Normal,Normal,,Yes,,,,,,
1,,missense,Gln2520Pro,,Heterozygous,,C4,Exon 45,2A (IIE),Normal,Yes,,,,,,,
1,,missense,Arg2535Pro,,-,,C4,Exon 45,,,,,,,,,,
1,,missense,Gly2560Val,,Heterozygous,,C4,Exon 45,,,,,,,,,,
1,,missense,Cys2619Tyr,,Heterozygous,,C5,Exon 45,,"Loss of HMW and intermediate VWF in single transfection, normal
in co-transfection",,Yes,Loss of intrachain disulfide bond,,,,,
1,,missense,Thr2647Met,,Heterozygous,,C6,Exon 48,,,,,,,,,,
1,,missense,Arg2663Cys,,Heterozygous,,C6,Exon 49,Normal,"Loss of HMW and intermediate VWF in single transfection, normal
in co-transfection",,Yes,,,,,,
1,,missense,Cys2671Gly,,-,,C6,Exon 49,,,,,,,,,,
1,,missense,Cys2676Phe,,Heterozygous,,C6,Exon 49,Normal,"Loss of HMW and intermediate VWF in single transfection, normal
in co-transfection",,Yes,,,,,,
1,,missense,Cys2676Tyr,,-,,C6,Exon 49,,,,,,,,,,
1,,missense,Asn2679Ser,,-,,C6,Exon 49,,,,,,,,,,
1,,missense,Cys2693Tyr,,Heterozygous,,C6,Exon 49,Normal,Normal,No,Yes,,,,,,
1,,missense,Pro2722Ala,,Heterozygous,,C6,Exon 51,Normal,,,,,,,,,
1,,missense,Pro2776Leu,,-,,CK,Exon 52,,,,,,,,,,
1,,missense,Leu2786Pro,,-,,CK,Exon 52,,,,,,,,,,
1,,nonsense,Gln77*,,Compound heterozygous,c.1534-3C>A,D1,Exon 4,,,,,,,,,,
1,,nonsense,Asp93*,,-,,D1,Exon 4,,,,,,,,,,
1,,nonsense,Tyr126*,,-,,D1,Exon 5,,,,,,,,,,
1,,nonsense,Arg365*,,-,,D1,Exon 9,,,,,,,,,,
1,,nonsense,Gln376*,,-,,D1,Exon 10,,,,,,,,,,
1,,nonsense,Gln393*,,-,,D2,Exon 11,,,,,,,,,,
1,,nonsense,Gln411*,,-,,D2,Exon 11,,,,,,,,,,
1,,nonsense,Tyr694*,,-,,D2,Exon 16,,,,,,,,,,
1,,nonsense,Gln717*,,-,,D2,Exon 16,,,,,,,,,,
1,,nonsense,Cys1130*,,-,,D3,Exon 26,,,,,,,,,,
1,,nonsense,Gln1311*,,Heterozygous,,A1,Exon 28,,,,,,,,,,
1,,nonsense,Gln1388*,,Heterozygous,,A1,Exon 28,,,,,,,,,,
1,,nonsense,Gln1475*,,Heterozygous,,A1,Exon 28,,,,,,,,,,
1,,nonsense,Gln1637*,,-,,A2,Exon 28,,,,,,,,,,
1,,nonsense,Arg1659*,,Heterozygous,,A2,Exon 28,,,,,,,,,,
1,,nonsense,Tyr2160*,,-,,D4,Exon 37,,,,,,,,,,
1,,nonsense,Trp2271*,,-,,C1,Exon 39,,,,,,,,,,
1,,nonsense,Tyr2392*,,-,,C2,Exon 42,,,,,,,,,,
1,,nonsense,"Gln2470* and
Gln2783*",,Heterozygous,,"C3, CK",Exon 43/52,,,,,,,,,,
1,,nonsense,Arg2535*,,-,,C4,Exon 45,,,,,,,,,,
1,,nonsense,Gln2544*,,Heterozygous,,C4,Exon 45,,,,,,,,,,
1,,nonsense,Glu2742*,,-,,CK,Exon 51,,,,,,,,,,
1,,splice site,,533-2A>G,-,,D1,Exon 6,,,,,,,,,,
1,,splice site,,658-3C>A,,,D1,Exon 7,,,,,,,,,,
1,,splice site,,997+3A>T,-,,D1,Exon 8,,,,,,,,,,
1,,splice site,,1109+2T>C,Heterozygous,,D1,Exon 9,Normal,,,,"3 transcripts: WT,  exon 8 skip and exon 8 and 9 skip (premature termination
codon)",,,,,
1,,splice site,,1110-2A>G,-,,D1,Exon 10,,,,,,,,,,
1,,splice site,,1533+1G>T,Heterozygous,,D2,Exon 13,,,,,,,,,,
1,,splice site,,1533+15G>A,Heterozygous,,D2,Exon 13,,,,,,,,,,
1,,splice site,,1534-3C>A,Homozygous/ Heterozygous/ Compound heterozygous,Gln77*,D2,Exon 14,,,,,"3 transcripts.: WT, exon 14 skip, WT + 62bp from end of intron 13. Last two
out of frame, so no product.",,,,,
1,,splice site,,2281+4A>G,Compound heterozygous,c.2438 dupG,D2,Exon 17,,,,,,,,,,
1,,splice site,,2546+3G>C,-,,D`,Exon 19,,,,,,,,,,
1,,splice site,,2685+2T>G,Heterozygous,,D3,Exon 20,,,,,,,,,,
1,,splice site,,2686-1G>C,Heterozygous,,D3,Exon 21,Normal,,,,Exon 21 skip (in-frame),,,,,
1,,splice site,,2686-2A>G,Heterozygous,,D3,Exon 21,"Minor
abnormalities",,,,Exon 21 skip (in-frame),,,,,
1,,splice site,,2820+1G>A,-,,D3,Exon 21,,,,,,,,,,
1,,splice site,,2820+1G>C,Heterozygous,,D3,Exon 21,,,,,,,,,,
1,,splice site,,2820+1G>C/A,Heterozygous,,D3,Exon 21,,,,,Exon 21 skip (in-frame),,,,,
1,,splice site,,2967+1G>C,-,,D3,Exon 22,,,,,,,,,,
1,,splice site,,3108+5G>A,Heterozygous,,D3,Exon 23,,,,,Exon 23 skip (in-frame),,,,,
1,,splice site,,3379+1G>A,Heterozygous,,D3,Exon 25,,,,,,,,,,
1,,splice site,,3379+5G>A,-,,D3,Exon 25,,,,,,,,,,
1,,splice site,,3390C>T,Heterozygous,,D3,Exon 26,Loss of triplet bands,"Only dimers in single transf. Δ26.
Almost normal in co-
transfection",,,Also described as type 2A (IIE). Exon 26 skip (in-frame),,,,,
1,,splice site,,3538+1G>A,Heterozygous,,D3,Exon 26,Relative loss of HMW VWF,,Yes,,"Also described as type 2A mutation.
Increased clearance based on
VWFpp/VWF:Ag = 3.49",,,,,
1,,splice site,,3539-2 delA,-,,D3,Exon 27,,,,,,,,,,
1,,splice site,,5053+3A>G,-,,A3,Exon 28,,,,,,,,,,
1,,splice site,,5170+10C>T,Heterozygous,,A3,Exon 29,,,,,,,,,,
1,,splice site,,5171-2A>G,-,,A3,Exon 30,,,,,,,,,,
1,,splice site,,5312-19A>G,-,,A3,Exon 31,,,,,,,,,,
1,,splice site,,5842+1G>C,Heterozygous,,D4,Exon 34,Normal,,,,"3 transcripts: WT, exon 33 skip, exon
33/34 skip",,,,,
1,,splice site,,5842+5G>A,Heterozygous,,D4,Exon 34,,,,,"Mutation predicted to completely
abolish the exon 34 splice donor site",,,,,
1,,splice site,,6599-20A>T,Heterozygous,,D4,Exon 38,Normal,,,,"Exon 38 skip (mRNA degradation).
Normal FVIII and collagen binding",,,,,
1,,splice site,,6798+1G>T,Heterozygous,,C1,Exon 38,,,,,,,,,,
1,,splice site,,7056C>T (silent mutation),Heterozygous,,C2,Exon 41,Normal,Normal,,,"Mutation affects splice site leading to 7055_7081 del. Mutation leads to loss
of function allele",,,,,
1,,splice site,,7437+1G>A,Heterozygous,,C3,Exon 43,,,,,"No transcript of this allele found, so
RNA mediated decay",,,,,
1,,splice site,,7464C>T,Heterozygous,,C3,Exon 44,,,,Yes,"Retention of intron 44 results in truncated protein with lack of carboxy
terminal end",,,,,
1,,splice site,,7729+5G>A,Heterozygous,,C5,Exon 45,,,,,,,,,,
1,,deletions,Asp75_Gly178 del,"221-977_532 + 7059
del",Heterozygous,,D1,Exon 4/5,,"Dimers in single transfection, normal in co-transfection",,Yes,In-frame deletion of exon 4 and 5,,,,,
1,,insertions,"Ala1175_His1176
insArgCysHisAla",,-,,D3,Exon 26,,,,,,,,,,
1,,deletions,Lys1405 delLys,,Heterozygous,,A1,Exon 28,,,,,,,,,,
1,,deletions,Gly1481,4443G>T,Heterozygous,,A2,Exon 28,,,,,,,,,,
1,,deletions,Val1546–Val1548 del,4637-4645 del,Heterozygous,,A2,Exon 28,,,,,,,,,,
1,,deletions,,6182 delT,Heterozygous,,D4,Exon 36,,,,,,,,,,
1,,deletions,,"5312–104_5455+642
del (Exon 31 del)",Heterozygous,,A3,Exon 31,,,,,,,,,,
1,,deletions,,Exon 1-3 del,Heterozygous,,D`,Exon 1-3,,,,,,,,,,
1,,deletions,,Exon 1-52 del,-,,SP-CK,Exon 1-52,,,,,,,,,,
1,,deletions,,Exon 19-20 del,Heterozygous,,D`-D3,Exon 19-20,,,,,,,,,,
1,,deletions,,Exon 32-34 del,Heterozygous,,A3-D4,Exon 32-34,,,,,,,,,,
1,,deletions,,Exon 33-34 del,-,,D4,Exon 33-34,,,,,,,,,,
1,,duplication,,Exon 35-37 dup,Heterozygous,,D4,Exon 35-37,,,Yes,,,,,,,
1,,duplication,,Exon 38-42 dup,Heterozygous,,D4-C2,Exon 38-42,,,,,,,,,,
1,,deletions,,Exon 6-18 del,-,,D1-D`,Exon 6-18,,,,,,,,,,
1,,promoter,,-2522C>T,Heterozygous,,,Promoter,,,,,,,,,,
1,,promoter,,-1896C>T,Heterozygous,,,Promoter,Normal,,,,,,,,,
1,,promoter,,-2520C>T,Heterozygous,,,Promoter,Normal,,,,,,,,,
1,,promoter,,-1522_-1510 del13,Heterozygous,,,Promoter,,,,,"4.6x reduction in VWF
expression on RNA level.",,,,,
2A,,missense,Tyr87Ser,,Heterozygous,,D1,Exon 4,,,,,,,,,,
2A,,missense,Asp172Asn,,-,,D1,Exon 5,,,,,,,,,,
2A,,missense,Arg202Pro,,Compound heterozygous,Pro2063Ser,D1,Exon 6,,,,,,,,,,
2A,,missense,Arg273Trp,,Homozygous,,D1,Exon 7,,,,,,,,,,
2A,,missense,Cys275Arg,,Compound heterozygous,Pro1337Leu,D1,Exon 7,,,,,,,,,,
2A,,missense,Cys295Ser,,Compound heterozygous,Pro812Arg fs*31,D1,Exon 8,,,,,,,,,,
2A,,missense,Cys370Tyr,,Heterozygous,,D1,Exon 9,,,,,,,,,,
2A,,missense,Cys410Ser,,Homozygous,,D2,Exon 11,,,,,,,,,,
2A,,missense,Asn528Ser,,Homozygous,,D2,Exon 14,,,,,,,,,,
2A,,missense,Leu536Pro,,Compound heterozygous,,D2,Exon 14,,,,,,,,,,
2A,,missense,Gly550Arg,,"Heterozygous/Homozygou
s",,D2,Exon 14,,,,,,,,,,
2A,,missense,Cys570Ser,,Homozygous,,D2,Exon 14,,,,,,,,,,
2A,,missense,Thr588Pro,,-,,D2,Exon 15,,,,,,,,,,
2A,,missense,Cys623Trp,,Homozygous,,D2,Exon 15,,,,,,,,,,
2A,,missense,Arg763Ser,,Heterozygous,,D2,Exon 18,,,,,,,,,,
2A,,missense,Cys788Arg,,Homozygous,,D`,Exon 18,,,,,,,,,,
2A,,missense,Cys827Tyr,,Heterozygous,,D`,Exon 19,,,,,,,,,,
2A,,missense,Val956Ala,,Heterozygous,,D3,Exon 22,,,,,,,,,,
2A,,missense,Arg976Cys,,Heterozygous,,D3,Exon 22,,,,,,,,,,
2A,,missense,Met1051Thr,,Compound heterozygous,c.4820 delG,D3,Exon 24,,,,,,,,,,
2A,,missense,Cys1091Arg,,Heterozygous,,D3,Exon 25,,,,,,,,,,
2A,,missense,Cys1099Pro,,Heterozygous,,D3,Exon 25,,,,,,,,,,
2A,,missense,Cys1101Arg,,-,,D3,Exon 25,,,,,,,,,,
2A,,missense,Ala1105Asp,,Heterozygous,,D3,Exon 25,,,,,,,,,,
2A,,missense,Tyr1107Cys,,-,,D3,Exon 25,,,,,,,,,,
2A,,missense,Trp1120Ser,,Heterozygous,,D3,Exon 25,,,,,,,,,,
2A,,missense,Arg1121Met,,Heterozygous,,D3,Exon 25,,,,,,,,,,
2A,,missense,Cys1126Phe,,Heterozygous,,D3,Exon 25,,,,,,,,,,
2A,,missense,Cys1130Arg,,Heterozygous,,D3,Exon 26,,,,,,,,,,
2A,,missense,Cys1130Phe,,Heterozygous,,D3,Exon 26,,,,,,,,,,
2A,,missense,Cys1130Trp,,Heterozygous,,D3,Exon 26,,,,,,,,,,
2A,,missense,Cys1130Tyr,,-,,D3,Exon 26,,,,,,,,,,
2A,,missense,Cys1130,,Heterozygous,,D3,Exon 26,,,,,,,,,,
2A,,missense,Cys1143Tyr,,-,,D3,Exon 26,,,,,,,,,,
2A,,missense,Trp1144Gly,,Heterozygous,,D3,Exon 26,,,,,,,,,,
2A,,missense,Arg1145Cys,,-,,D3,Exon 26,,,,,,,,,,
2A,,missense,Tyr1146Cys,,Heterozygous,,D3,Exon 26,,,,,,,,,,
2A,,missense,Cys1149Arg,,Heterozygous,,D3,Exon 26,,,,,,,,,,
2A,,missense,Cys1149Tyr,,Heterozygous,,D3,Exon 26,,,,,,,,,,
2A,,missense,Cys1153Tyr,,Heterozygous,,D3,Exon 26,,,,,,,,,,
2A,,missense,Thr1156Met,,Compound heterozygous,Gln2470*,D3,Exon 26/43,,,,,,,,,,
2A,,missense,Cys1157Phe,,Heterozygous,,D3,Exon 26,,,,,,,,,,
2A,,missense,Cys1169Trp,,Heterozygous/ Compound heterozygous,,D3,Exon 26,,,,,,,,,,
2A,,missense,Cys1169Arg,,-,,D3,Exon 26,,,,,,,,,,
2A,,missense,Glu1171Gln,,-,,D3,Exon 26,,,,,,,,,,
2A,,missense,Gly1172Val,,-,,D3,Exon 26,,,,,,,,,,
2A,,missense,Gly1172Cys,,Heterozygous,,D3,Exon 26,,,,,,,,,,
2A,,missense,Cys1173Arg,,Heterozygous,,D3,Exon 26,,,,,,,,,,
2A,,missense,Cys1173Phe,,Heterozygous,,D3,Exon 26,,,,,,,,,,
2A,,missense,Gly1180Arg,,Heterozygous,,D3,Exon 26,,,,,,,,,,
2A,,missense,Cys1190Arg,,Heterozygous,,D3,Exon 27,,,,,,,,,,
2A,,missense,Cys1190Tyr,,Heterozygous,,D3,Exon 27,,,,,,,,,,
2A,,missense,Cys1190Ser,,Heterozygous,,D3,Exon 27,,,,,,,,,,
2A,,missense,Asp1195Tyr,,Heterozygous,,D3,Exon 27,,,,,,,,,,
2A,,missense,Cys1225Gly,,Homozygous,,D3,Exon 27,,,,,,,,,,
2A,,missense,Cys1227Arg,,Heterozygous,,D3,Exon 28,,,,,,,,,,
2A,,missense,Cys1234Trp,,Heterozygous,,D3,Exon 28,,,,,,,,,,
2A,,missense,Cys1234Tyr,,-,,D3,Exon 28,,,,,,,,,,
2A,,missense,Cys1272Arg,,Heterozygous,,A1,Exon 28,,,,,,,,,,
2A,,missense,Cys1272Gly,,Heterozygous,,A1,Exon 28,,,,,,,,,,
2A,,missense,Cys1272Phe,,Heterozygous,,A1,Exon 28,,,,,,,,,,
2A,,missense,Cys1272Tyr,,Heterozygous,,A1,Exon 28,,,,,,,,,,
2A,,missense,Cys1272Ser,,Heterozygous,,A1,Exon 28,,,,,,,,,,
2A,,missense,Leu1278Arg,,Heterozygous,,A1,Exon 28,,,,,,,,,,
2A,,missense,Leu1278Pro,,Heterozygous,,A1,Exon 28,,,,,,,,,,
2A,,missense,Val1279Phe,,Heterozygous,,A1,Exon 28,,,,,,,,,,
2A,,missense,Ser1285Phe,,,,A1,Exon 28,,,,,,,,,,
2A,,missense,Leu1288Arg,,Heterozygous,,A1,Exon 28,,,,,,,,,,
2A,,missense,Met1304Arg,,Heterozygous,,A1,Exon 28,,,,,,,,,,
2A,,missense,Leu1307Pro,,Heterozygous,,A1,Exon 28,,,,,,,,,,
2A,,missense,Arg1315Cys,,Heterozygous,,A1,Exon 28,,,,,,,,,,
2A,,missense,Arg1374His,,Heterozygous,,A1,Exon 28,,,,,,,,,,
2A,,missense,Arg1374Cys,,Heterozygous,,A1,Exon 28,,,,,,,,,,
2A,,missense,Glu1389Lys,,Heterozygous,,A1,Exon 28,,,,,,,,,,
2A,,missense,Ile1416Asn,,Heterozygous,,A1,Exon 28,,,,,,,,,,
2A,,missense,Leu1446Pro,,Heterozygous,,A1,Exon 28,,,,,,,,,,
2A,,missense,Cys1458Tyr,,-,,A1,Exon 28,,,,,,,,,,
2A,,missense,Met1495Leu,,Heterozygous,,A2,Exon 28,,,,,,,,,,
2A,,missense,Val1499Glu,,Heterozygous,,A2,Exon 28,,,,,,,,,,
2A,,missense,Ala1500Glu,,-,,A2,Exon 28,,,,,,,,,,
2A,,missense,Ala1500Val,,-,,A2,Exon 28,,,,,,,,,,
2A,,missense,Ala1500Thr,,-,,A2,Exon 28,,,,,,,,,,
2A,,missense,Leu1503Pro,,-,,A2,Exon 28,,,,,,,,,,
2A,,missense,Leu1503Gln,,-,,A2,Exon 28,,,,,,,,,,
2A,,missense,Leu1503Arg,,Heterozygous,,A2,Exon 28,,,,,,,,,,
2A,,missense,Gly1505Arg,,Heterozygous,,A2,Exon 28,,,,,,,,,,
2A,,missense,Gly1505Glu,,Heterozygous,,A2,Exon 28,,,,,,,,,,
2A,,missense,Ser1506Leu,,Heterozygous,,A2,Exon 28,,,,,,,,,,
2A,,missense,Ile1509Val,,Heterozygous,,A2,Exon 28,,,,,,,,,,
2A,,missense,Phe1514Cys,,-,,A2,Exon 28,,,,,,,,,,
2A,,missense,Cys1514Phe,,Heterozygous,,A2,Exon 28,,,,,,,,,,
2A,,missense,Lys1518Glu,,-,,A2,Exon 28,,,,,,,,,,
2A,,missense,Val1524Gly,,Heterozygous,,A2,Exon 28,,,,,,,,,,
2A,,missense,Ile1525Ser,,-,,A2,Exon 28,,,,,,,,,,
2A,,missense,Arg1527Gln,,Heterozygous,,A2,Exon 28,,,,,,,,,,
2A,,missense,Met1528Val,,Heterozygous,,A2,Exon 28,,,,,,,,,,
2A,,missense,Val1537Gly,,-,,A2,Exon 28,,,,,,,,,,
2A,,missense,Val1539Glu,,-,,A2,Exon 28,,,,,,,,,,
2A,,missense,Leu1540Pro,,Heterozygous,,A2,Exon 28,,,,,,,,,,
2A,,missense,Tyr1542Cys,,-,,A2,Exon 28,,,,,,,,,,
2A,,missense,Ser1543Phe,,-,,A2,Exon 28,,,,,,,,,,
2A,,missense,Gln1556Arg,,Heterozygous,,A2,Exon 28,,,,,,,,,,
2A,,missense,Leu1562Pro,,Heterozygous,,A2,Exon 28,,,,,,,,,,
2A,,missense,Arg1564Pro,,-,,A2,Exon 28,,,,,,,,,,
2A,,missense,Ile1568Asn,,Heterozygous,,A2,Exon 28,,,,,,,,,,
2A,,missense,Asp1574Tyr,,-,,A2,Exon 28,,,,,,,,,,
2A,,missense,Thr1576Pro,,-,,A2,Exon 28,,,,,,,,,,
2A,,missense,Tyr1578Asn,,-,,A2,Exon 28,,,,,,,,,,
2A,,missense,Gly1579Arg,,Heterozygous,,A2,Exon 28,,,,,,,,,,
2A,,missense,Leu1580Pro,,Heterozygous,,A2,Exon 28,,,,,,,,,,
2A,,missense,Leu1582Pro,,-,,A2,Exon 28,,,,,,,,,,
2A,,missense,Arg1583Trp,,-,,A2,Exon 28,,,,,,,,,,
2A,,missense,Arg1597Trp,,Heterozygous,,A2,Exon 28,,,,,,,,,,
2A,,missense,Arg1597Leu,,-,,A2,Exon 28,,,,,,,,,,
2A,,missense,Arg1597Gln,,Heterozygous,,A2,Exon 28,,,,,,,,,,
2A,,missense,Arg1597Pro,,-,,A2,Exon 28,,,,,,,,,,
2A,,missense,Arg1597Gly,,-,,A2,Exon 28,,,,,,,,,,
2A,,missense,Leu1603Pro,,Heterozygous,,A2,Exon 28,,,,,,,,,,
2A,,missense,Val1604Phe,,-,,A2,Exon 28,,,,,,,,,,
2A,,missense,Val1607Asp,,Heterozygous/ Compound heterozygous,,A2,Exon 28,,,,,,,,,,
2A,,missense,Thr1608Pro,,-,,A2,Exon 28,,,,,,,,,,
2A,,missense,Gly1609Arg,,Heterozygous,,A2,Exon 28,,,,,,,,,,
2A,,missense,Ser1613Pro,,-,,A2,Exon 28,,,,,,,,,,
2A,,missense,Val1625Gly,,-,,A2,Exon 28,,,,,,,,,,
2A,,missense,Pro1627His,,Heterozygous,,A2,Exon 28,,,,,,,,,,
2A,,missense,Ile1628Thr,,Heterozygous,,A2,Exon 28,,,,,,,,,,
2A,,missense,Ile1628Asn,,-,,A2,Exon 28,,,,,,,,,,
2A,,missense,Gly1629Arg,,Heterozygous,,A2,Exon 28,,,,,,,,,,
2A,,missense,Gly1629Glu,,Heterozygous,,A2,Exon 28,,,,,,,,,,
2A,,missense,Val1630Met,,-,,A2,Exon 28,,,,,,,,,,
2A,,missense,Val1630Glu,,Heterozygous,,A2,Exon 28,,,,,,,,,,
2A,,missense,Gly1631Asp,,Heterozygous,,A2,Exon 28,,,,,,,,,,
2A,,missense,Asn1635Ile,,Heterozygous,,A2,Exon 28,,,,,,,,,,
2A,,missense,Glu1638Lys,,Heterozygous,,A2,Exon 28,,,,,,,,,,
2A,,missense,Leu1639Pro,,Heterozygous,,A2,Exon 28,,,,,,,,,,
2A,,missense,Ala1647Asp,,Heterozygous,,A2,Exon 28,,,,,,,,,,
2A,,missense,Pro1648Ser,,Heterozygous,,A2,Exon 28,,,,,,,,,,
2A,,missense,Ile1649Asn,,Heterozygous,,A2,Exon 28,,,,,,,,,,
2A,,missense,Phe1654Leu,,-,,A2,Exon 28,,,,,,,,,,
2A,,missense,Leu1657His,,Heterozygous,,A2,Exon 28,,,,,,,,,,
2A,,missense,Leu1657Ile,,Heterozygous,,A2,Exon 28,,,,,,,,,,
2A,,missense,Val1665Glu,,Heterozygous,,A2,Exon 28,,,,,,,,,,
2A,,missense,Val1665Gly,,-,,A2,Exon 28,,,,,,,,,,
2A,,missense,Gly1672Arg,,-,,A2,Exon 28,,,,,,,,,,
2A,,missense,Cys2085Tyr,,Heterozygous,,D4,Exon 36,,,,,,,,,,
2A,,missense,Cys2327Trp,,Heterozygous,,C1,Exon 41,,,,,,,,,,
2A,,missense,Cys2362Phe,,Homozygous,,C2,Exon 42,,,,,,,,,,
2A,,missense,Gln2520Pro,,-,,C4,Exon 45,,,,,,,,,,
2A,,missense,Cys2771Arg,,Heterozygous,,CK,Exon 52,,,,,,,,,,
2A,,missense,Cys2771Ser,,Heterozygous,,CK,Exon 52,,,,,,,,,,
2A,,missense,Cys2771Tyr,,Heterozygous,,CK,Exon 52,,,,,,,,,,
2A,,missense,Cys2773Ser,,Heterozygous,,CK,Exon 52,,,,,,,,,,
2A,,missense,Cys2773Arg,,-,,CK,Exon 52,,,,,,,,,,
2A,,missense,Ser2775Cys,,Heterozygous,,CK,Exon 52,,,,,,,,,,
2A,,missense,Ala2801Asp,,Homozygous,,CK,Exon 52,,,,,,,,,,
2A,,duplication,"Glu333_385
dup",,Heterozygous,,D1,Exon 9-10,,,,,,,,,,
2A,,Deletions,"Gly386_Ser187
3 del",,-,,D2-D3,"Exon 11-
32",,,,,,,,,,
2A,,Insertions,"Thr405
insAsnPro",,Compound heterozygous,,D2,Exon 11,,,,,,,,,,
2A,,Deletions,Phe423 del,,Heterozygous,,D2,Exon 11,,,,,,,,,,
2A,,Deletions,"Asp437_Arg442
del",,Heterozygous,,D2,Exon 12,,,,,,,,,,
2A,,Insertions,Ala625 insGly,,Compound heterozygous,Tyr711*,D2,Exon 15,,,,,,,,,,
2A,,Deletions,"Pro1127_Cys19
48 delinsArg",,Heterozygous,,D3-A1,"Exon 26-
34",,,,,,,,,,
2A,,Deletions,"Ser1129_Glu11
32 del",,-,,D3,Exon 26,,,,,,,,,,
2A,,Insertions,"Tyr1271_Cys12
72 insTyrPheTyr",,Heterozygous,,A1,Exon 28,,,,,,,,,,
2A,,Deletions/Insertions,"Asp1277_Leu12
78 delinsGlu",,Heterozygous,,A1,Exon 28,,,,,,,,,,
2A,,Deletions,Lys1408 del,,-,,A1,Exon 28,,,,,,,,,,
2A,,Deletions,Glu1519 del,,-,,A2,Exon 28,,,,,,,,,,
2A,,Deletions,"Asp1529_Val15
30 del",,Heterozygous,,A2,Exon 28,,,,,,,,,,
2A,,Deletions,"Glu1554_Gln15
56 del",,-,,A2,Exon 28,,,,,,,,,,
2A,,duplication,Asp1560 dup,,Heterozygous,,A2,Exon 28,,,,,,,,,,
2A,,Deletions,"Val1665_Cys16
69 del",,-,,A2,Exon 28,,,,,,,,,,
2A,,Deletions,Leu1696 del,,-,,A3,Exon 29,,,,,,,,,,
2A,,Deletions,Ala2729_Gln27 32 del,,Heterozygous,,CK,Exon 51,,,,,,,,,,
2A,,duplication,Exon 6 dup,,Heterozygous,,D1,Exon 6,,,,,,,,,,
2A,,Deletions,Exon 33-34 del,,Heterozygous,,D4,"Exon 33-
34",,,,,,,,,,
2A,,Splice site,,"c.8187-8194
del",Heterozygous,,CK,Exon 51,,,,,Stop codon at position 2737,,,,,
2A,,Splice site,,c.3380-4A>G,,,D3,Exon 26,,,,,,,,,,
2A,,Splice site,,c.3538+1G>A,Heterozygous,,D3,Exon 26,,,,,,,,,,
2A,,Splice site,,c.3380-2A>G,Heterozygous,,D3,Exon 26,,,,,Exon 26 skip,,,,,
2A,,Splice site,,c.8316 delC,Heterozygous,,CK,Exon 52,,,,,"Deletion results in p.Cys2773Alafs*76.
A monomer with 34 extra amino acids. Loss of 6
cysteines, extra 7 cysteines",,,,,
2B,,missense,Tyr1258Cys,,Heterozygous,,D3,Exon 28,,,,,,,,,,
2B,,missense,Pro1266Gln,,Heterozygous,,D3,Exon 28,,,,,,,,,,
2B,,missense,Pro1266Leu,,Heterozygous,,D3,Exon 28,,,,,,,,,,
2B,,missense,His1268Asn,,Heterozygous,,D3,Exon 28,,,,,,,,,,
2B,,missense,His1268Asp,,Heterozygous,,D3,Exon 28,,,,,,,,,,
2B,,missense,His1268Gln,,-,,D3,Exon 28,,,,,,,,,,
2B,,missense,Cys1272Arg,,-,,A1,Exon 28,,,,,"Mostly described as type 2A mutation
Disulfide bond Cys1272-Cys1458",,,,,
2B,,missense,Met1303MetMet,,Heterozygous,,A1,Exon 28,,,,,,,,,,
2B,,missense,Met1304Val,,Heterozygous,,A1,Exon 28,,,,,,,,,,
2B,,missense,Arg1306Gln,,Heterozygous,,A1,Exon 28,,,,,"Increased clearance and circulating
aggregates in mouse model",,,,,
2B,,missense,Arg1306Glu,,Heterozygous,,A1,Exon 28,,,,,,,,,,
2B,,missense,Arg1306Leu,,Heterozygous,,A1,Exon 28,,,,,,,,,,
2B,,missense,Arg1306Pro,,-,,A1,Exon 28,,,,,,,,,,
2B,,missense,Arg1306Trp,,Heterozygous,,A1,Exon 28,,,,,Enhanced sensitivity to ADAMTS13,,,,,
2B,,missense,Arg1308Cys,,Heterozygous,,A1,Exon 28,,,,,Enhanced sensitivity to ADAMTS13,,,,,
2B,,missense,Arg1308Leu,,Heterozygous,,A1,Exon 28,,,,,Reduced collagen I binding,,,,,
2B,,missense,Arg1308Pro,,Heterozygous,,A1,Exon 28,,,,,Enhanced sensitivity to ADAMTS13,,,,,
2B,,missense,Arg1308Ser,,Heterozygous,,A1,Exon 28,,,,,Enhanced sensitivity to ADAMTS13,,,,,
2B,,missense,Ile1309Val,,Heterozygous,,A1,Exon 28,,,,,,,,,,
2B,,missense,Ser1310Phe,,Heterozygous,,A1,Exon 28,,,,,,,,,,
2B,,missense,Ser1310Pro,,-,,A1,Exon 28,,,,,,,,,,
2B,,missense,Trp1313Cys,,Heterozygous,,A1,Exon 28,,,,,,,,,,
2B,,missense,Val1314Asp,,Heterozygous,,A1,Exon 28,,,,,,,,,,
2B,,missense,Val1314Leu,,Homozygous,,A1,Exon 28,,,,,,,,,,
2B,,missense,Val1314Met,,-,,A1,Exon 28,,,,,"Increased shear-induced platelet
aggregation",,,,,
2B,,missense,Val1314Phe,,Heterozygous,,A1,Exon 28,,,,,"Heparin binding defect. Enhanced
sensitivity to ADAMTS13",,,,,
2B,,missense,Val1316Met,,Heterozygous,,A1,Exon 28,,,,,Enhanced sensitivity to ADAMTS13,,,,,
2B,,missense,Pro1337Leu,,Heterozygous/ Compound heterozygous,Arg275Cys,A1,Exon 28,,,,,"Reduced collagen I binding. Enhanced
sensitivity to ADAMTS13",,,,,
2B,,missense,Leu1340Pro,,-,,A1,Exon 28,,,,,,,,,,
2B,,missense,Arg1341Gln,,Heterozygous,,A1,Exon 28,,,,,,,,,,
2B,,missense,Arg1341Glu,,Heterozygous,,A1,Exon 28,,,,,,,,,,
2B,,missense,Arg1341Leu,,Heterozygous,,A1,Exon 28,,,,,,,,,,
2B,,missense,Arg1341Trp,,Heterozygous,,A1,Exon 28,,,,,,,,,,
2B,,missense,Ile1372Ser,,Heterozygous,,A1,Exon 28,,,,,,,,,,
2B,,missense,Arg1374His,,Heterozygous,,A1,Exon 28,,,,,"Mostly described as type 2A or 2M
mutation",,,,,
2B,,missense,Arg1379Cys,,Heterozygous,,A1,Exon 28,,,,,,,,,,
2B,,missense,Glu1389Lys,,-,,A1,Exon 28,,,,,,,,,,
2B,,missense,Leu1460Phe,,Heterozygous,,A1,Exon 28,,,,,,,,,,
2B,,missense,Leu1460Pro,,-,,A1,Exon 28,,,,,,,,,,
2B,,missense,Leu1460Val,,Heterozygous,,A1,Exon 28,,,,,,,,,,
2B,,missense,Ala1461Asp,,-,,A1,Exon 28,,,,,,,,,,
2B,,missense,Ala1461Val,,Heterozygous,,A1,Exon 28,,,,,,,,,,
2M,,missense,Leu1276Arg,,-,,A1,Exon 28,,,,,,,,,,
2M,,missense,Leu1276Pro,,-,,A1,Exon 28,,,,,,,,,,
2M,,missense,Leu1278Pro,,Heterozygous,,A1,Exon 28,,,,,"Also described as type 2A
(IIE)",,,,,
2M,,missense,Val1279Phe,,Heterozygous,,A1,Exon 28,,,,,,,,,,
2M,,missense,Val1279Ile,,-,,A1,Exon 28,,,,,"Homozygous mutation
described as type 3",,,,,
2M,,missense,Leu1282Arg,,-,,A1,Exon 28,,,,,,,,,,
2M,,missense,Ser1285Phe,,Heterozygous,,A1,Exon 28,,Decrease in HMW VWF in single transfection,,,"Also described as type 2A. A1 domain conformation:
molten globule",,,,,
2M,,missense,Leu1288Arg,,-,,A1,Exon 28,,,,,Also described as type 2A,,,,,
2M,,missense,Glu1290Leu,,-,,A1,Exon 28,,,,,,,,,,
2M,,missense,Leu1296Pro,,-,,A1,Exon 28,,,,,,,,,,
2M,,missense,Asp1302Gly,,-,,A1,Exon 28,,Normal,,,Decrease in RIPA response,,,,,
2M,,missense,Met1304Arg,,Heterozygous,,A1,Exon 28,,Decrease in HMW VWF in co-transfection,,,Mutation described as Type 1/2A/2M,,,,,
2M,,missense,Arg1315Cys,,Heterozygous,,A1,Exon 28,,Only dimers in lysates,,,Also described as types 1 and 2A,,,,,
2M,,missense,Arg1315Leu,,Heterozygous,,A1,Exon 28,,,,,,,,,,
2M,,missense,Arg1315Gly,,Heterozygous,,A1,Exon 28,,,,,,,,,,
2M,,missense,Arg1315His,,-,,A1,Exon 28,,,,,Also described as type 1,,,,,
2M,,missense,Arg1315Pro,,-,,A1,Exon 28,,,,,,,,,,
2M,,missense,Tyr1321Cys,,Heterozygous,,A1,Exon 28,,,,,,,,,,
2M,,missense,Tyr1321Trp,,-,,A1,Exon 28,,,,,,,,,,
2M,,missense,His1322Pro,,-,,A1,Exon 28,,,,,,,,,,
2M,,missense,Gly1324Ala,,Heterozygous/ Compound heterozygous,Gln2470*,A1,Exon 28,,Normal,,,"Normal proteolysis by ADAMTS13. Mutation enhance the thermodynamic
stability",,,,,
2M,,missense,Gly1324Ser,,Heterozygous,,A1,Exon 28,,Normal,,,"Mutation enhance the thermodynamic stability. A1
domain conformation: native",,,,,
2M,,missense,Gly1324Arg,,Heterozygous,,A1,Exon 28,,,,,,,,,,
2M,,missense,Tyr1349Cys,,-,,A1,Exon 28,,,,,,,,,,
2M,,missense,Val1354_Glu1388 del,,-,,A1,Exon 28,,,,,,,,,,
2M,,missense,Ala1355Asp,,-,,A1,Exon 28,,,,,,,,,,
2M,,missense,Ser1358Asn,,Heterozygous,,A1,Exon 28,,Normal,,,,,,,,
2M,,missense,Glu1359Lys,,-,,A1,Exon 28,,Normal,,,"Normal proteolysis by ADAMTS13. A1 domain conformation: molten
globule",,,,,
2M,,missense,Val1360Ala,,-,,A1,Exon 28,,,,,,,,,,
2M,,missense,Leu1361Trp,,Heterozygous,,A1,Exon 28,,,,,,,,,,
2M,,missense,Leu1361Ser,,-,,A1,Exon 28,,,,,,,,,,
2M,,missense,Lys1362Thr,,-,,A1,Exon 28,,Normal,,,,,,,,
2M,,missense,Tyr1363Cys,,Heterozygous,,A1,Exon 28,,Normal,,,Also described as type 2B,,,,,
2M,,missense,Leu1365Arg,,-,,A1,Exon 28,,,,,,,,,,
2M,,missense,Phe1369Ile,,Heterozygous,,A1,Exon 28,,Normal,,,"A1 domain conformation:
molten globule",,,,,
2M,,missense,Asp1373Tyr,,Heterozygous,,A1,Exon 28,,,,,,,,,,
2M,,missense,Arg1374Cys,,Heterozygous,,A1,Exon 28,,Decrease in HMW VWF,,,Also described as types 1 and 2A,,,,,
2M,,missense,Arg1374His,,Heterozygous,,A1,Exon 28,,Normal/ Decrease in HMW VWF,,,"Also described as types 2A and 2B. A1 domain conformation: molten
globule",,,,,
2M,,missense,Arg1374Leu,,Heterozygous,,A1,Exon 28,,,,,,,,,,
2M,,missense,Arg1374Ser,,-,,A1,Exon 28,,,,,,,,,,
2M,,missense,Ser1378Phe,,-,,A1,Exon 28,,,,,Also described as type 1,,,,,
2M,,missense,Arg1379Cys/Ala1377Val,,Heterozygous,,A1,Exon 28,,Smeary,,,"Arg1379Cys normally
classified as types 1 or 2B",,,,,
2M,,missense,Leu1382Pro,,Heterozygous,,A1,Exon 28,,,,,,,,,,
2M,,missense,Leu1383Arg,,-,,A1,Exon 28,,,,,,,,,,
2M,,missense,Ser1387Arg,,-,,A1,Exon 28,,,,,,,,,,
2M,,missense,Ser1387Ile,,Heterozygous,,A1,Exon 28,,Normal,,,,,,,,
2M,,missense,Arg1392_Gln1402 del,,Heterozygous,,A1,Exon 28,,Normal,,,,,,,,
2M,,missense,Ser1394Phe,,Heterozygous,,A1,Exon 28,,Normal,,,,,,,,
2M,,missense,Arg1399Cys,,Heterozygous,,A1,Exon 28,,,,,,,,,,
2M,,missense,Gln1402Pro,,Heterozygous,,A1,Exon 28,,Normal,,,,,,,,
2M,,missense,Lys1405_1408 del,,Heterozygous,,A1,Exon 28,,Normal,,,,,,,,
2M,,missense,Lys1408 del,,-,,A1,Exon 28,,,,,,,,,,
2M,,missense,Val1409Ser,,Compound heterozygous,Pro2063Ser,A1,Exon 28,,,,,,,,,,
2M,,missense,Val1409Phe,,Heterozygous,,A1,Exon 28,,,,,,,,,,
2M,,missense,Pro1413Arg,,-,,A1,Exon 28,,,,,,,,,,
2M,,missense,Gly1415Asp,,-,,A1,Exon 28,,,,,Also described as type 1,,,,,
2M,,missense,Ile1416Thr,,Heterozygous,,A1,Exon 28,,Normal,,,"I1416 side chain points
towards both the GPIbα and
ristocetin-binding sites",,,,,
2M,,missense,Ile1416Asn,,Heterozygous,,A1,Exon 28,,Normal,,,"I1416 side chain points
towards both the GPIbα and
ristocetin-binding sites",,,,,
2M,,missense,Asn1421Lys,,Heterozygous,,A1,Exon 28,,Normal,,,Also described as type 1 mutations,,,,,
2M,,missense,Ile1425Phe,,Heterozygous,,A1,Exon 28,,Normal,,,"Normal proteolysis by ADAMTS13. A1 domain conformation: molten
globule",,,,,
2M,,missense,Arg1426Cys,,-,,A1,Exon 28,,,,,,,,,,
2M,,missense,Ala1437Thr,,-,,A1,Exon 28,,,,,"A1 domain conformation:
native like",,,,,
2M,,missense,Val1439Met,,Heterozygous,,A1,Exon 28,,Normal,,,,,,,,
2M,,missense,Leu1446Pro,,-,,A1,Exon 28,,"Loss of HMW VWF in
co-transfection",,,,,,,,
2M,,missense,Leu1696Arg,,Heterozygous,,A3,Exon 29,,"Smeary in single, normal in co-
transfection",,,,,,,,
2M,,missense,Ser1699Phe,,-,,A3,Exon 29,,,,,,,,,,
2M,,missense,Ala1716Pro,,-,,A3,Exon 28,,"Loss of HMW VWF in single transf. Normal in
co-transf.",,,Also described as type 1,,,,,
2M,,missense,Val1730Gly,,-,,A3,Exon 30,,,,,,,,,,
2M,,missense,Ser1731Thr,,Heterozygous,,A3,Exon 30,,Normal,,,,,,,,
2M,,missense,Leu1733Pro,,-,,A3,Exon 30,,,,,,,,,,
2M,,missense,Tyr1735Asp,,-,,A3,Exon 30,,,,,,,,,,
2M,,missense,Trp1745Cys,,Heterozygous,,A3,Exon 30,,Smeary/Normal,,,,,,,,
2M,,missense,Met1761Lys,,Heterozygous,,A3,Exon 30,,,,,,,,,,
2M,,missense,Ser1783Ala,,Heterozygous,,A3,Exon 31,,Normal,,,,,,,,
2M,,missense,His1786Asp,,Heterozygous,,A3,Exon 31,,Normal,,,,,,,,
2M,,missense,Val1822Glu,,-,,A3,Exon 32,,,,,,,,,,
2M,,missense,Pro1824His,,Heterozygous,,A3,Exon 32,,"Smeary pattern in single transf. Normal
pattern in co-transf.",,,Also described as type 1 mutation,,,,,
2M,,missense,Cys1927Arg,,Compound heterozygous,c.8155+6C>T,D4,Exon 34/50,,,,,,,,,,
2M,,splice site,,2820+1G>C/A,-,,D3,Exon 21,,,,,,,,,,
2M,,splice site,,3538+1G>C,Heterozygous,,D3,Exon 26,,,,,,,,,,
2M,,deletions,,3831 del3,Heterozygous,,A1,Exon 28,,,,,,,,,,
2M,,insertions,Ins 1352-1386,,Heterozygous,,A1,Exon 28,,,,,,,,,,
2M,,deletions,,"5312-
2_5312-1
delAG",Heterozygous,,A3,Exon 31,,,,,,,,,,
2N,,missense,Arg760Cys,,Heterozygous/ Compound heterozygous,Arg854Gln,D2,Exon 17,Loss of HMW and intermediate VWF,,,,Decreased VWF secretion. Defective furin cleavage. Decreased FVIII binding,,,,,
2N,,missense,Arg763Gly,,Heterozygous/ Compound heterozygous,Arg854Gln,D2,Exon 18,Slower migration of multimers,,,,"Decreased VWF secretion. Defective furin
cleavage. Decreased FVIII binding",,,,,
2N,,missense,Arg763Ser,,Heterozygous,,D2,Exon 18,,,,,"Described as compound phenotype 2A/2M
and moderate 2N",,,,,
2N,,missense,Arg768Gln,,-,,D`,Exon 18,,,,,Heterozygous patients described as type 1,,,,,
2N,,missense,Gly785Glu,,Compound heterozygous,,D`,Exon 18,Normal (in vivo),,,,Normal secretion,,,,,
2N,,missense,Glu787Lys,,Compound heterozygous,c.2430 delC; c.2435 delC,D`,Exon 18,Normal,,,,,,,,,
2N,,missense,Cys788Arg,,Homozygous,,D`,Exon 18,Loss of HMW and intermediate VWF,,,,"Decreased VWF secretion. Also described as
type 2A",,,,,
2N,,missense,Cys788Tyr,,Compound heterozygous,Arg854Gln; Asp93*,D`,Exon 18,Decrease in HMW VWF and smeary pattern,,,,"Decreased VWF secretion. Mutation destroys
disulfide bond Cys799-Cys788",,,,,
2N,,missense,Thr789Pro,,Homozygous,,D`,Exon 18,,,,,,,,,,
2N,,missense,Thr791Met,,Homozygous/ Compound heterozygous,"c.2430 delC; Arg854Gln; null; splice site mutation in donor splice site
intron 25",D`,Exon 18,Normal,,,,,,,,,
2N,,missense,Tyr795Cys,,Compound heterozygous,Arg854Gln; Arg1566*,D`,Exon 18,Ultralarge VWF with smeary pattern,,,,,,,,,
2N,,missense,Met800Val,,-,,D`,Exon 18,,,,,,,,,,
2N,,missense,Cys804Phe,,Compound heterozygous,Arg854Gln,D`,Exon 18,Loss of HMW VWF,,,,,,,,,
2N,,missense,Leu809Pro,,-,,D`,Exon 18,,,,,,,,,,
2N,,missense,Pro812Leu,,Heterozygous,,D`,Exon 18,,,,,,,,,,
2N,,missense,Arg816Gln,,-,,D`,Exon 19,Normal,,,,,,,,,
2N,,missense,Arg816Trp,,Homozygous/ Compound heterozygous,"c.1911 delC;
Arg34Asp fs*4; Arg854Gln; Gln1154*; null",D`,Exon 19,Normal,,,,,,,,,
2N,,missense,His817Gln,,Homozygous,,D`,Exon 19,,,,,Fast clearance after DDAVP,,,,,
2N,,missense,Arg854Gln,,Homozygous/ Compound heterozygous,"c.2430 delC; c.2546+3G>C; Arg760Cys; Arg763Gly; Cys788Tyr; Thr791Met; Tyr795Cys; Cys804Phe; Arg816Trp; Arg858Phe; Asp879Glu; Gln895His; Cys1060Arg;
Glu1078Lys; Val842*; Asn900*; null",D`,Exon 20,Normal,,,,,,,,,
2N,,missense,Arg854Glu,,Homozygous/ Compound heterozygous,Val842*,D`,Exon 20,,,,,,,,,,
2N,,missense,Arg854Trp,,Homozygous,,D`,Exon 20,Loss of HMW and intermediate VWF,,,,"Lack of triplet multimer structure reported in
plasma. Severely decreased VWF secretion",,,,,
2N,,missense,Cys858Phe,,Compound heterozygous,Arg854Gln,D`,Exon 20,Loss of HMW and intermediate VWF,,,,Decreased VWF secretion,,,,,
2N,,missense,Asp879Glu,,Compound heterozygous,Arg854Gln,D3,Exon 20,,,,,,,,,,
2N,,missense,Asp879Asn,,Compound heterozygous,Arg1659*,D3,Exon 20,Decrease in HMW VWF,,,,Decreased VWF secretion,,,,,
2N,,missense,Cys887Arg,,-,,D3,Exon 20,,,,,,,,,,
2N,,missense,Arg924Gln,,Homozygous/ Compound heterozygous,Cys1060Arg,D3,Exon 21,Normal,,,,Heterozygous patients described as type 1,,,,,
2N,,missense,Gln1053His,,Heterozygous,,D3,Exon 24,Normal,,,,"Moderately decreased FVIII binding. Heterozygous patient also Hemophilia A
carrier",,,,,
2N,,missense,Cys1060Arg,,Homozygous/ Compound heterozygous,"Tyr757*;
Arg854Gln; Arg924Gln; Null",D3,Exon 24,Decrease in HMW VWF,,,,,,,,,
2N,,missense,Cys1060Tyr,,Homozygous,,D3,Exon 24,Loss of HMW VWF,,,,Heterozygous patients described as type 1,,,,,
2N,,missense,Glu1078Lys,,Compound heterozygous,Arg854Gln,D3,Exon 25,Normal,,,,"Disruption of intrachain disulfide bond
between Cys1060-",,,,,
2N,,missense,Cys1225Gly,,Homozygous,,D3,Exon 28,Loss of HMW VWF,,,,"Mutations also described as type 2A.
Decreased secretion of VWF",,,,,
3,,missense,Met1Val,,Compound heterozygous,Gln793*,SP,Exon 2,,,,,,,,,,
3,,missense,Arg34Gly,,Homozygous,,D1,Exon 3,"No
multimers",,,,,,,,,
3,,missense,Cys35Arg,,Compound heterozygous,Arg1659*,D1,Exon 3,,,,,,,,,,
3,,missense,Gly39Arg,,Compound heterozygous,Asp141Asn,D1,Exon 3,,"Only dimers in single
transfection",,Yes,,,,,,
3,,missense,Asp47His,,Homozygous,,D1,Exon 3,,,,,,,,,,
3,,missense,Gly79Val,,-,,D1,Exon 4,,,,,,,,,,
3,,missense,Arg81Glu,,Compound heterozygous,Asp1772Glu fs*11,D1,Exon 4,,,,,,,,,,
3,,missense,Gly91Arg,,Mutation in cis with Glu2720 fs24* and Compound heterozygous,Gln2520*,D1,Exon 4,,,,,,,,,,
3,,missense,Leu129Met,,Compound heterozygous,Tyr271*,D1,Exon 5,,,,,,,,,,
3,,missense,Asp141Asn,,Homozygous/ Compound heterozygous,Gly39Arg,D1,Exon 5,,"Loss of HMW VWF in single
transfection",,Yes,,,,,,
3,,missense,Asp141Tyr,,Compound heterozygous,c.2016 del4,D1,Exon 5,,"Dimers in single
transfection",,Yes,,,,,,
3,,missense,Leu150Glu,,Compound heterozygous,Arg1315Cys,D1,Exon 5,,,,,,,,,,
3,,missense,Lys157Glu,,Compound heterozygous,Cys1165Arg,D1,Exon 5,,"Loss of HMW and intermediate VWF in single
transfection",,Yes,,,,,,
3,,missense,Gly160Arg,,Homozygous,,D1,Exon 5,,,,,,,,,,
3,,missense,Arg273Trp,,Homozygous/ Compound heterozygous,,D1,Exon 7,No multimers,"Only LMW VWF in single
transfection",,Yes,,,,,,
3,,missense,Cys275Ser,,Compound heterozygous,Trp222*,D1,Exon 7,,"Only LMW VWF in single
transfection",,Yes,,,,,,
3,,missense,Tyr301Cys,,-,,D1,Exon 8,,,,,,,,,,
3,,missense,Asn318Lys,,Compound heterozygous,Gln565*; Cys810*; Ile1509Val,D1,Exon 8,,,,,,,,,,
3,,missense,Cys370Tyr,,Homozygous,,D1,Exon 9,,,,,,,,,,
3,,missense,Trp377Cys,,Homozygous,,D1,Exon 10,,,,,,,,,,
3,,missense,Arg447Trp,,-,,D2,Exon 12,,,,,,,,,,
3,,missense,Cys584Phe,,Compound heterozygous,Glu244Leu fs*211,D2,Exon 15,,"Only dimers in single
transfection",,Yes,"Cys584Phe is synthesized and multimerized, but not stored in
WPBs",,,,,
3,,missense,His596Asn,,Heterozygous,,D2,Exon 15,Only LMW VWF,,,,,,,,,
3,,missense,Cys623Thr,,Compound heterozygous,Gln1238*,D2,Exon 15,"Only LMW
VWF",,,,,,,,,
3,,missense,Cys633Arg,,Homozygous,,D2,Exon 15,"No
multimers",,,,,,,,,
3,,missense,Met736Ile,,Compound heterozygous,Glu300_Arg302insSerAsn,D2,Exon 17,,,,,,,,,,
3,,missense,Arg768Gln,,Homozygous / Compound heterozygous,c.2443-1G; Val2556_Gly2560 del,D`,Exon 18,,,,,,,,,,
3,,missense,Met814Ile,,Homozygous,,D`,Exon 18,"No
multimers",,,,,,,,,
3,,missense,Cys827Tyr,,Compound heterozygous,c.3897 delT,D`,Exon 19,"No
multimers",,,,,,,,,
3,,missense,Cys849Ser,,-,,D`,Exon 19,,,,,,,,,,
3,,missense,Arg854Trp,,Compound heterozygous,Arg1779*,D`,Exon 20,,"Loss of HMW and intermediate VWF in single
transfection",,Yes,No FVIII binding,,,,,
3,,missense,Cys1071Phe,,Compound heterozygous,Trp642*,D3,Exon 24,,,,,,,,,,
3,,missense,Cys1101Arg,,-,,D3,Exon 25,,,,,,,,,,
3,,missense,Asn1138Asn,,Homozygous,,D3,Exon 26,"No
multimers",,,,,,,,,
3,,missense,Pro1162Leu,,Homozygous,,D3,Exon 26,,,,,,,,,,
3,,missense,Cys1165Arg,,Compound heterozygous,Lys157Glu,D3,Exon 26,,,,,,,,,,
3,,missense,Cys1227Arg,,Compound heterozygous,Cys2283Arg,D3,Exon 28,,"Decrease in HMW VWF in
single
transfection",,Yes,Heterozygous mutation described as 2A (IIE),,,,,
3,,missense,Val1279Ile,,Homozygous,,A1,Exon 28,,,,,,,,,,
3,,missense,Leu1288Val,,Compound heterozygous, Arg1779*,A1,Exon 28,,,,,,,,,,
3,,missense,Arg1315Cys,,Compound heterozygous,Leu150Glu,A1,Exon 28,,,,,,,,,,
3,,missense,Ile1509Val,,Compound heterozygous,Asn318Lys; Gln1541_Tyr1542 de,A2,Exon 28,,,,,,,,,,
3,,missense,Gln1526His,,Compound heterozygous,c.2282-2A>G,A2,Exon 28,,,,,,,,,,
3,,missense,"Gln1667His/Glu1673Asp
/Asn318Lys",,Homozygous for all three mutations,,A2/A3/D1,Exon 28/28/8,,,,,,,,,,
3,,missense,Gln1931His,,Homozygous,,D4,Exon 34,,,,,,,,,,
3,,missense,Cys2174Gly,,Homozygous,,D4,Exon 37,,,,,,,,,,
3,,missense,Cys2184Ser,,Compound heterozygous,,D4,Exon 37,,"Only dimers in single
transfection",,Yes,,,,,,
3,,missense,Cys2184Phe,,-,,D4,Exon 37,,,,,,,,,,
3,,missense,Cys2212Arg,,Homozygous,,D4,Exon 39,,"Only dimers in single
transfection",,Yes,,,,,,
3,,missense,Cys2237Arg,,Homozygous,c.220 + 20G>T,D4,Exon 39,,,,,,,,,,
3,,missense,Cys2248Tyr,,-,,D4,Exon 39,,,,,,,,,,
3,,missense,Cys2283Arg,,Compound heterozygous,Cys1227Arg,C1,Exon 39,No multimers,"Only LMW VWF in single
transfection",,Yes,,,,,,
3,,missense,Cys2325Ser,,Compound heterozygous,Gln1526*,C1,Exon 40,,"Only dimers in single
transfection",,Yes,,,,,,
3,,missense,Cys2362Phe,,Homozygous/ Compound heterozygous,Arg2535*; c.7375 insC,C2,Exon 42,"Smeary pattern (homozygous
mutation)","Decrease in HMW VWF in
single
transfection",,Yes,Increased clearance,,,,,
3,,missense,Cys2394Trp,,Compound heterozygous,Asp75_Gly178 del,C2,Exon 42,,,,,,,,,,
3,,missense,Leu2486Pro,,-,,C3,Exon 44,,,,,,,,,,
3,,missense,Arg2535Gln,,Homozygous,,C4,Exon 45,,,,,,,,,,
3,,missense,Asn2546Tyr,,Homozygous,,C4,Exon 45,,,,,,,,,,
3,,missense,Cys2671Tyr,,Homozygous/ Compound heterozygous,,C6,Exon 49,,Normal,,Yes,Increased clearance,,,,,
3,,missense,Gly2703Arg,,"Mutation in cis with Cys2739Tyr, Compound heterozygous",c.4971 insC,C6,Exon 49,,,,,,,,,,
3,,missense,Cys2739Tyr,,"Homozygous/ Mutation in cis with Cys2703Arg, Compound heterozygous/
Compound heterozygous",c.4971 insC,CK,Exon 51,,"Only LMW VWF in single
transfection",,Yes,,,,,,
3,,missense,Cys2754Trp,,Homozygous,,CK,Exon 52,"No multimers in plasma.
LMW VWF in
platelets",Only monomers and dimer in single transfection,,Yes,Loss of intramolecular disulfide bond,,,,,
3,,missense,Cys2804Tyr,,Homozygous,,CK,Exon 52,,,,,,,,,,
3,,nonsense,Arg34*,,Homozygous,,D1,Exon 3,,,,,,,,,,
3,,nonsense,Cys57*,,Homozygous,,D1,Exon 3,,,,,,,,,,
3,,nonsense,Ser71*,,Homozygous,,D1,Exon 3,,,,,,,,,,
3,,nonsense,Gln104*,,Homozygous,,D1,Exon 4,,,,,,,,,,
3,,nonsense,Gln218*,,Homozygous,,D1,Exon 6,,,,,,,,,,
3,,nonsense,Trp222*,,Compound heterozygous,Cys275Ser,D1,Exon 7,,,,,,,,,,
3,,nonsense,Tyr271*,,Compound heterozygous,Leu129Met,D1,Exon 7,,,,,,,,,,
3,,nonsense,Tyr301*,,Homozygous/ Compound heterozygous,Arg960*,D1,Exon 8,,,,,,,,,,
3,,nonsense,Arg324*,,Homozygous/ Compound heterozygous,Arg373*,D1,Exon 8,,,,,,,,,,
3,,nonsense,Arg365*,,Homozygous/ Compound heterozygous,Tyr610*,D1,Exon 9,,,,,,,,,,
3,,nonsense,Arg373*,,Homozygous/ Compound heterozygous,Arg324*,D1,Exon 10,,,,,,,,,,
3,,nonsense,Gln419*,,Compound heterozygous,Ser293 fs,D2,Exon 11,,,,,,,,,,
3,,nonsense,Tyr494*,,-,,D2,Exon 13,,,,,,,,,,
3,,nonsense,Trp553*,,Homozygous,,D2,Exon 14,,,,,,,,,,
3,,nonsense,Gln565*,,Homozygous/ Compound heterozygous,Asn318Lys,D2,Exon 14,,,,,,,,,,
3,,nonsense,Tyr604*,,Homozygous,,D2,Exon 15,,,,,,,,,,
3,,nonsense,Tyr610*,,Homozygous/ Compound heterozygous,Arg365*,D2,Exon 15,,,,,,,,,,
3,,nonsense,Glu620*,,Compound heterozygous,Arg1853*,D2,Exon 15,,,,,,,,,,
3,,nonsense,Cys621*,,Homozygous,,D2,Exon 15,,,,,,,,,,
3,,nonsense,Cys629*,,Compound heterozygous,Arg1853*,D2,Exon 16,,,,,,,,,,
3,,nonsense,Trp642*,,Compound heterozygous,Cys1071Phe; Gly813 fs*,D2,Exon 15,,,,,,,,,,
3,,nonsense,Glu644*,,Homozygous,,D2,Exon 16,,,,,,,,,,
3,,nonsense,Gln706*,,Homozygous,,D2,Exon 16,,,,,,,,,,
3,,nonsense,Gln793*,,Homozygous/ Compound heterozygous,Met1Val,D`,Exon 18,,,,,,,,,,
3,,nonsense,Cys810*,,Compound heterozygous,Asn318Lys,D`,Exon 18,,,,,,,,,,
3,,nonsense,Lys912*,,Homozygous,,D3,Exon 21,No multimers,,,,,,,,,
3,,nonsense,Arg960*,,Compound heterozygous,Tyr301*,D3,Exon 22,,,,,,,,,,
3,,nonsense,Gln1013*,,-,,D3,Exon 23,,,,,,,,,,
3,,nonsense,Cys1101*,,Homozygous,,D3,Exon 25,,,,,,,,,,
3,,nonsense,Ala1106*,,Unknown,,D3,Exon 22,,,,,,,,,,
3,,nonsense,Cys1130*,,-,,D3,Exon 26,,,,,,,,,,
3,,nonsense,Gln1238*,,Homozygous/ Compound heterozygous,Cys623Thr,D3,Exon 28,,,,,,,,,,
3,,nonsense,Tyr1258*,,-,,D3,Exon 28,,,,,,,,,,
3,,nonsense,Leu1267*,,Homozygous,,A1,Exon 28,,,,,,,,,,
3,,nonsense,Gln1311*,,Homozygous,,A1,Exon 28,No multimers,,,,"Often part of a gene conversion with the
pseudogene",,,,,
3,,nonsense,Trp1313*,,Compound heterozygous,c.5842+1G>C,A1,Exon 28,No multimers,,,,Few round WPBs detected,,,,,
3,,nonsense,Arg1336*,,Homozygous,,A1,Exon 28,,,,,,,,,,
3,,nonsense,Ser1338*,,Compound heterozygous,Glu2129*,A1,Exon 28,,,,,,,,,,
3,,nonsense,Gln1346*,,Homozygous,,A1,Exon 28,,,,,,,,,,
3,,nonsense,Tyr1456*,,Compound heterozygous,Gly298 fs*4,A1,Exon 28,,,,,,,,,,
3,,nonsense,Gln1526*,,Compound heterozygous,Cys2325Ser,A2,Exon 28,,,,,,,,,,
3,,nonsense,Tyr1542*,,Homozygous,,A2,Exon 28,,,,,,,,,,
3,,nonsense,Glu1549*,,Compound heterozygous,Cys2448*,A2,Exon 28,,,,,,,,,,
3,,nonsense,Gln1556*,,Homozygous,,A2,Exon 28,,,,,,,,,,
3,,nonsense,Tyr1570*,,-,,A2,Exon 28,,,,,,,,,,
3,,nonsense,Gln1637*,,-,,A2,Exon 28,,,,,,,,,,
3,,nonsense,Arg1659*,,Homozygous/ Compound heterozygous,Cys35Arg; Pro691GIn fs*50; c.2430 delC; c.874+2T>C,A2,Exon 28,No multimers (homozygous),,,,,,,,,
3,,nonsense,Gln1734*,,Homozygous,,A3,Exon 30,No multimers,,,,,,,,,
3,,nonsense,Arg1779*,,Homozygous/ Compound heterozygous,Arg854Trp; Leu1288Val,A3,Exon 31,No multimers (homozygous),,,,,,,,,
3,,nonsense,Arg1852*,,Homozygous,,A3,Exon 32,,,,,,,,,,
3,,nonsense,Arg1853*,,Homozygous/ Compound heterozygous,Glu620*; Cys629*; Cys665Leu fs*13; Pro812Arg fs*31,A3,Exon 32,No multimers (homozygous),,,,,,,,,
3,,nonsense,Gln1898*,,Compound heterozygous,Exon 1-3 del,D4,Exon 34,,,,,,,,,,
3,,nonsense,Gln1931*,,Compound heterozygous,c.1730-10C>A,D4,Exon 34,Only LMW VWF,,,,,,,,,
3,,nonsense,Glu1981*,,Homozygous,,D4,Exon 35,,,,,,,,,,
3,,nonsense,Ser2079*,,-,,D4,Exon 36,,,,,,,,,,
3,,nonsense,Glu2129*,,Compound heterozygous,Ser1338*,D4,Exon 37,,,,,,,,,,
3,,nonsense,Gln2140*,,Homozygous,,D4,Exon 37,,,,,,,,,,
3,,nonsense,Tyr2392*,,Homozygous,,C2,Exon 42,No multimers,,,,,,,,,
3,,nonsense,Arg2434*,,Homozygous,,C3,Exon 43,,,,,,,,,,
3,,nonsense,Cys2448*,,Compound heterozygous,Glu1549*,C3,Exon 43,,,,,,,,,,
3,,nonsense,Gln2467*,,Compound heterozygous,Ser2807 fs*,C3,Exon 43,,,,,,,,,,
3,,nonsense,Gln2470*,,Compound heterozygous,Val137 fs*34,C3,Exon 43,,,,,,,,,,
3,,nonsense,Tyr2483*,,"Compound heterozygous
(Thr577Ser fs*10)",Thr577Ser fs*10,C3,Exon 44,,,,,,,,,,
3,,nonsense,Ser2505*,,Compound heterozygous,Pro812Arg fs*31,C4,Exon 44,,,,,,,,,,
3,,nonsense,Gln2520*,,Homozygous/ Compound heterozygous,"Gly19Arg/Glu2720
fs24*",C4,Exon 45,,,,,,,,,,
3,,nonsense,Arg2535*,,Homozygous/ Compound heterozygous,Cys2362Phe; Arg2575_Glu2577 del,C4,Exon 45,No multimers,,,,,,,,,
3,,nonsense,Gln2544*,,Compound heterozygous,c.1946-4C>T,C4,Exon 45,,,,,,,,,,
3,,nonsense,Gln2551*,,Homozygous,,C4,Exon 45,,,,,,,,,,
3,,nonsense,Ser2568*,,Compound heterozygous,Glu2445Arg fs*16,C4,Exon 45,,,,,,,,,,
3,,nonsense,Arg2635*,,Compound heterozygous,,C5,Exon 45,,,,,,,,,,
3,,nonsense,Cys2715*,,Homozygous,,C6,Exon 50,,,,,,,,,,
3,,nonsense,Tyr2760*,,-,,CK,Exon 52,,,,,,,,,,
3,,frameshift,Gly63 fs*,,Homozygous,,D1,Exon 3,,,,,,,,,,
3,,frameshift,Phe92 fs*,,Compound heterozygous,Asp720Thr fs*21,D1,Exon 4,,,,,,,,,,
3,,frameshift,Gln104Arg fs*19,,-,,D1,Exon 4,,,,,,,,,,
3,,frameshift,Gly125Val fs*3,,-,,D1,Exon 5,,,,,,,,,,
3,,frameshift,Tyr126Thr fs*49,,-,,D1,Exon 5,,,,,,,,,,
3,,frameshift,Val137 fs*34,,Compound heterozygous,Gln2470*,D1,Exon 5,,,,,,,,,,
3,,frameshift,Asn166 fs*,,Compound heterozygous,gene conversion,D1,Exon 5,,,,,,,,,,
3,,frameshift,Gly220_Ser292 del fs*27,,Homozygous,,D1,Exon 7,,,,,,,,,,
3,,frameshift,Glu244Leu fs*211,,Compound heterozygous,Cys584Phe,D1,Exon 7,,,,,,,,,,
3,,frameshift,Leu254Val fs*2,,-,,D1,Exon 7,,,,,,,,,,
3,,frameshift,Cys263 fs*,,Homozygous,,D1,Exon 7,,,,,,,,,,
3,,frameshift,Ser293 fs*,,Compound heterozygous,Gln419*,D1,Exon 8,,,,,,,,,,
3,,frameshift,Gly298 fs*4,,Compound heterozygous,Tyr1456*,D1,Exon 8,,,,,,,,,,
3,,frameshift,Ser330Lys fs*4,,-,,D1,Exon 8,,,,,,,,,,
3,,frameshift,Leu414Ala fs*15,,-,,D2,Exon 11,,,,,,,,,,
3,,frameshift,Val446Arg fs*34,,-,,D2,Exon 12,,,,,,,,,,
3,,frameshift,Gly461 fs*,,Homozygous,,D2,Exon 12,,,,,,,,,,
3,,frameshift,Leu512 fs*,,Homozygous,,D2,Exon 14,No multimers,,,,,,,,,
3,,frameshift,Trp552 fs*,,Compound heterozygous,Ser2807 fs*,D2,Exon 14,,,,,,,,,,
3,,frameshift,Lys554 fs*,,Compound heterozygous,c.2430 delC,D2,Exon 14,,,,,,,,,,
3,,frameshift,His556GIn fs*21,,Compound heterozygous ,Pro812Arg fs*31,D2,Exon 14,,,,,,,,,,
3,,frameshift,Thr577Ser fs*10,,Compound heterozygous,Tyr2483*,D2,Exon 15,,,,,,,,,,
3,,frameshift,Ser616Trp fs*25,,-,,D2,Exon 15,,,,,,,,,,
3,,frameshift,Cys665Leu fs*13,,Unknown/ Compound heterozygous,Arg1853*,D2,Exon 16,,,,,,,,,,
3,,frameshift,Leu672 fs*,,Compound heterozygous,Asp141Tyr,D2,Exon 16,,,,,,,,,,
3,,frameshift,Ser673_Tyr674 del,,Homozygous,,D2,Exon 16,,,,,,,,,,
3,,frameshift,Pro691GIn fs*50,,Compound heterozygous,Arg1659*,D2,Exon 16,,,,,,,,,,
3,,frameshift,Glu697Gly fs*13,,-,,D2,Exon 16,,,,,,,,,,
3,,frameshift,Cys709Leu fs*3,,Homozygous,,D2,Exon 16,,,,,,,,,,
3,,frameshift,Asp720Thr fs*21,,Compound heterozygous,Glu2577Gly fs*21; Phe92 fs*,D2,Exon 16,,,,,,,,,,
3,,frameshift,Cys729Trp fs*29,,Homozygous,,D2,Exon 16,,,,,,,,,,
3,,frameshift,Cys729_Ser761 del*18,,Homozygous,,D2,Exon 17,,,,,,,,,,
3,,frameshift,Leu757Val fs*22,,Homozygous/ Compound heterozygous,Pro812Arg fs*31; c.7729+7C>T,D2,Exon 17,,,,,,,,,,
3,,frameshift,Cys810 fs*31,,Homozygous/ Compound heterozygous,Lys554 fs; c.1930 del20; Arg1659*,D`,Exon 18,,,,Yes,"Truncated protein detected in lysate, not
in medium",,,,,
3,,frameshift,Pro812Arg fs*31,,Homozygous/ Compound heterozygous,Exon 1-3 del; Leu757Val fs*22; Arg1853*; His556GIn fs*21; Ser2505*,D`,Exon 18,,,,,,,,,,
3,,frameshift,Gly813 fs*,,Heterozygous/ Compound heterozygous,Trp642*,D`,Exon 18,,,,,,,,,,
3,,frameshift,Val815Cys fs*15,,Homozygous,,D`,Exon 19,,,,,,,,,,
3,,frameshift,Gly839Glu fs*4,,Homozygous/ Compound heterozygous,Cys331 delins*; gene conversion,D`,Exon 19,,,,,,,,,,
3,,frameshift,Asn847Lys fs*18,,Homozygous,,D`,Exon 19,,,,,,,,,,
3,,frameshift,Cys849 fs*60,,Heterozygous,,D`,Exon 19,No multimers,,,,,,,,,
3,,frameshift,Thr859Val fs*2,,Homozygous,,D`,Exon 20,,,,,,,,,,
3,,frameshift,Leu881Ser fs*28,,Compound heterozygous,His2378Alafs*13,D3,Exon 20,,,,,,,,,,
3,,frameshift,Leu970 del,,Homozygous,,D3,Exon 22,,,,,,,,,,
3,,frameshift,Pro1079 fs*39,,Homozygous,,D3,Exon 25,,,,,,,,,,
3,,frameshift,Asp1087 fs*,,Homozygous,,D3,Exon 25,,,,,,,,,,
3,,frameshift,Ser1129Leu fs*12,,Homozygous,,D3,Exon 26,,,,,,,,,,
3,,frameshift,Pro1160 del,,Homozygous,,D3,Exon 26,,,,,,,,,,
3,,frameshift,Ser1208Gln fs*7,,Homozygous,,D3,Exon 27,,,,,,,,,,
3,,frameshift,Pro1246 fs*,,Homozygous,,D3,Exon 28,,,,,,,,,,
3,,frameshift,Phe1299 fs*,,Compound heterozygous,Cys827Tyr,A1,Exon 28,,,,,,,,,,
3,,frameshift,Trp1313 fs*,,Homozygous,,A1,Exon 28,,,,,,,,,,
3,,frameshift,Val1314Ser fs*33,,Compound heterozygous,Met1_Gly74del*8,A1,Exon 28,,,,,,,,,,
3,,frameshift,Asp1333Glu fs*43,,-,,A1,Exon 28,,,,,,,,,,
3,,frameshift,Thr1364 fs*,,Compound heterozygous,His2378Alafs*13,A1,Exon 28,,,,,,,,,,
3,,frameshift,Pro1433Arg fs*12,,-,,A1,Exon 28,,,,,,,,,,
3,,frameshift,Asp1472Arg fs*40,,Homozygous/ Compound heterozygous,c.3379+1G>A,A1,Exon 28,No multimers,,,,,,,,,
3,,frameshift,Val1524 fs*,,Homozygous,,A2,Exon 28,,,,,,,,,,
3,,frameshift,Gln1541_Tyr1542 del,,Compound heterozygous,Ile1509Val,A2,Exon 28,,,,,,,,,,
3,,frameshift,Leu1657 fs*,,Compound heterozygous,Cys2703Arg/Cys2739Tyr,A2,Exon 28,,,,,,,,,,
3,,frameshift,Leu1727 fs,,Homozygous,,A3,Exon 30,,,,,,,,,,
3,,frameshift,Thr1728Ser fs*29,,-,,A3,Exon 30,,,,,,,,,,
3,,frameshift,Tyr1735Ser fs*22,,-,,A2,Exon 30,,,,,,,,,,
3,,frameshift,Asp1772Glu fs*11,,Compound heterozygous,Arg81Glu,A3,Exon 31,,,,,,,,,,
3,,frameshift,Val1805Gly fs*8,,Homozygous,,A3,Exon 31,,,,,,,,,,
3,,frameshift,Leu1871 fs*6,,Heterozygous,,A3,Exon 32,No multimers,,,,,,,,,
3,,frameshift,Phe2061 fs*,,Homozygous,,D4,Exon 36,,,,,,,,,,
3,,frameshift,Val2133Pro fs*12,,Compound heterozygous,Asp75_Gly178del,D4,Exon 37,,,,,,,,,,
3,,frameshift,Ala2157Ser fs*18,,-,,D4,Exon 37,,,,,,,,,,
3,,frameshift,Cys2235Arg fs*8,,Homozygous,,D4,Exon 39,,,,,,,,,,
3,,frameshift,Gln2276Pro fs*36,,-,,C1,Exon 39,,,,,,,,,,
3,,frameshift,Ala2301_Thr2303 del,,Homozygous,,C1,Exon 40,,,,,,,,,,
3,,frameshift,Asp2328Val fs*4,,-,,C1,Exon 41,,,,,,,,,,
3,,frameshift,Cys2375 fs*,,Homozygous,,C2,Exon 42,,,,,,,,,,
3,,frameshift,His2378Ala fs*13,,Homozygous/ Compound heterozygous,Leu881Ser fs*28; c.4092delAC,C2,Exon 42,,,,,,,,,,
3,,frameshift,Arg2379 fs*,,Homozygous,,C2,Exon 42,,,,,,,,,,
3,,frameshift,Glu2391 fs*,,Homozygous,,C2,Exon 42,,,,,,,,,,
3,,frameshift,Val2432 fs*,,Compound heterozygous,5053+1G>A,C3,Exon 43,,,,,,,,,,
3,,frameshift,Glu2445Arg fs*16,,Compound heterozygous,Ser2568*,C3,Exon 43,,,,,,,,,,
3,,frameshift,Ala2459 fs*,,Compound heterozygous,Cys2362Phe,C3,Exon 43,,,,,,,,,,
3,,frameshift,Ser2523_Asn2526 del,,Homozygous,,C4,Exon 45,,,,,,,,,,
3,,frameshift,Gln2551Ala fs*16,,Homozygous,,C4,Exon 45,,,,,,,,,,
3,,frameshift,Pro2555 fs*,,Homozygous,,C2,Exon 45,,,,,,,,,,
3,,frameshift,Val2556_Gly2560 del,,Compound heterozygous,Arg768Gln,C4,Exon 45,,,,,,,,,,
3,,frameshift,Cys2557 fs*,,Homozygous,,C4,Exon 45,,,,,,,,,,
3,,frameshift,Ser2559Leu fs*8,,Homozygous,,C4,Exon 45,,,,,"mRNA not detectable, so nonsense mediated
decay",,,,,
3,,frameshift,Phe2561 fs*,,Homozygous,,C4,Exon 45,,,,,,,,,,
3,,frameshift,Arg2575_Glu2577 del,,Compound heterozygous,Arg2535*,C4,Exon 45,,,,,,,,,,
3,,frameshift,Glu2577Gly fs*21,,Compound heterozygous,Asp720Thr fs*21,C4,Exon 45,,,,,,,,,,
3,,frameshift,Arg2681 fs*,,Heterozygous,,C6,Exon 49,,,,,,,,,,
3,,frameshift,"Gly2706_Cys2719 del
fs*25",,Homozygous,,C6,Exon 50,,,,,,,,,,
3,,frameshift,Glu2720 fs24*,,Mutation in cis with Gly19Arg and Compound heterozygous,Gln2520*,C6,Exon 51,,,,,,,,,,
3,,frameshift,Ser2807 fs*,,Homozygous/ Compound heterozygous,Trp552 fs*; Gln2467*,CK,Exon 52,,,,,,,,,,
3,,splice site,,220 + 20G>T,Homozygous,in cis with Cys2237Arg,D1,Exon 3,,,,,,,,,,
3,,splice site,,533-2A>G,Homozygous,,D1,Exon 6,,,,,"Mutation in cis with p.Ala542Gly. 533- 2A>G results in exon 6 skipping and
Thr179Pro fs*30",,,,,
3,,splice site,,658-3C>A,-,,D1,Exon 7,,,,,,,,,,
3,,splice site,,874+1G>A,Homozygous,,D1,Exon 7,No multimers,,,,"Exon 7 skipping leads to nonsense
codon in exon 12",,,,,
3,,splice site,,874+2T>C,Compound heterozygous,Arg1659*,D1,Exon 7,,,,,,,,,,
3,,splice site,,874+5G>A,Homozygous,,D1,Exon 7,,,,,,,,,,
3,,splice site,,1110-1G>A,Homozygous,,D1,Exon 10,,,,,,,,,,
3,,splice site,,1110-2A>G,-,,D1,Exon 10,,,,,,,,,,
3,,splice site,,1157-1G>A,-,,D2,Exon 11,,,,,,,,,,
3,,splice site,,1729+3A>C,Homozygous,,D2,Exon 14,,,,,,,,,,
3,,splice site,,1729+3A>G,-,,D2,Exon 14,,,,,,,,,,
3,,splice site,,1730-10C>A,Homozygous/ Compound heterozygous,Gln1931*,D2,Exon 15,"LMW VWF
(homozygous)",,,,,,,,,
3,,splice site,,1946-1G>A,Homozygous,,D2,Exon 16,,,,,,,,,,
3,,splice site,,1946-4C>T,Compound heterozygous,Gln2544*,D2,Exon 16,,,,,,,,,,
3,,splice site,,2282-2A>G,Compound heterozygous,Gln1526His,D2,Exon 18,,,,,,,,,,
3,,splice site,,2443-1G>C,Homozygous/ Homozygous in cis with Arg768Gln,,D`,Exon 19,,,,,,,,,,
3,,splice site,,2967+1G>C,-,,D3,Exon 22,,,,,,,,,,
3,,splice site,,3108+5G>A,Homozygous,,D3,Exon 23,,,,,Exon 23 skip,,,,,
3,,splice site,,3379+1G>A,Heterozygous/ Homozygous/ Compound heterozygous,Asp1472Arg fs*40,D3,Exon 25,,,,,,,,,,
3,,splice site,,3539-2 delA,-,,D3,Exon 27,,,,,,,,,,
3,,splice site,,3675-1G>A,-,,A3,Exon 28,,,,,,,,,,
3,,splice site,,5053+1G>A,Compound heterozygous,7294 delGT,A3,Exon 28,,,,,,,,,,
3,,splice site,,5053+1G>T,Homozygous,,A3,Exon 28,,,,,,,,,,
3,,splice site,,5170+10C>T,Homozygous,in cis with 7730-1G>C,A3,Exon 29,,,,,,,,,,
3,,splice site,,5455+2T>C,Homozygous,,A3,Exon 31,,,,,,,,,,
3,,splice site,,5842+1G>C,Compound heterozygous,Trp1313*,D4,Exon 34,,,,,,,,,,
3,,splice site,,6977-1G>C,Homozygous,,C1,Exon 41,,,,,,,,,,
3,,splice site,,7082-2A>G,Compound heterozygous,8155+3G>C,C2,Exon 42,,,,,Nonsense mediated decay,,,,,
3,,splice site,,7549-3C>A,-,,C4,Exon 45,,,,,,,,,,
3,,splice site,,7729+7C>T,Compound heterozygous,Leu757Val fs*22,C4,Exon 45,,,,,,,,,,
3,,splice site,,7730–1G>C,Homozygous/ Homozygous,in cis with 5170+10C>T,C4,Exon 46,,,,,"Mutation destroys ASS of intron 45 and activates a new acceptor site within exon 46 resulting in 7730_7731delAG
and E2577Afs*58",,,,,
3,,splice site,,7770+1G>T,Homozygous,,C4,Exon 46,No multimers,,,,"Retaining first 25 bp of intron 46; skipping exon 46; skipping exon 46
while retaining 5 bp of intron 45",,,,,
3,,splice site,,8115+1G>A,Homozygous,,C6,Exon 49,,,,,,,,,,
3,,splice site,,8155+3G>C,Compound heterozygous,7082-2A>G,C6,Exon 50,,,,,"Exon 50 skipping and PTS
Gly2706Valfs*24",,,,,
3,,splice site,,8254-10T>C,-,,CK,Exon 52,,,,,,,,,,
3,,Deletion,Met1_Gly74 del*8,1-30071_220+3445 del,Compound heterozygous,Val1314Ser fs*33,D1,Exon 1-3,,,,,,,,,,
3,,Deletion,Asp75_Gly178 del,221-977_532 + 7059 del,Homozygous/ Compound heterozygous,Val2133Pro fs*12; Cys2394Trp,D1,Exon 4-5,,"Only dimers in single
transfection",,Yes,In-frame deletion of exons 4 and 5,,,,,
3,,Insertion,"Glu300_Arg302
insSerAsn",901_902 insCTA,Compound heterozygous,Met736Ile,D1,Exon 8,,,,,,,,,,
3,,Indel,Cys331 delins*,992_993 delGC insAA,Compound heterozygous,Gly839Glu fs*4,D1,Exon 8,,,,,,,,,,
3,,Deletion,Phe423 del,1268_1270 delTCT,Heterozygous,,D2,Exon 11,,,,,,,,,,
3,,Indel,"Cys584_Ser589
delinsArg",1750_1765 del insCG,Heterozygous,,D2,Exon 15,,,,,,,,,,
3,,Deletion,Trp974_Val983 del,,-,,D3,Exon 22,,,,,,,,,,
3,,Insertion,"Leu1232_Cys1234
insLysSer",3698_3699 insAGT,Heterozygous/ Homozygous,,D3,Exon 28,,,,,,,,,,
3,,Deletion,Leu1695 del,5083 delCTC,Heterozygous,,A3,Exon 29,,,,,,,,,,
3,,Duplication,"Cys2163_Ile2177
dup",6487_6531 dup,Homozygous,,D4,Exon 37,,,,,,,,,,
3,,Duplication,,8190_8253+1 dup64,-,,CK,Exon 51,,,,,,,,,,
3,,Deletion,"2748_50
delHisTyrCys",8241-8249 del,Homozygous,,CK,Exon 51,,,,,,,,,,
3,,Deletion,,Exon 1-3 del,Homozygous/ Compound heterozygous,"Pro812Arg fs*31; Gln1898*; c,2435 delC",D`,Exon 1-3,,,,,,,,,,
3,,Deletion,,Exon 1-52 del,-,,SP-CK,Exon 1-52,,,,,,,,,,
3,,Deletion,,Exon 4-34 del,Heterozygous,,D1-D4,Exon 4-34,,,,,,,,,,
3,,Deletion,,Exon 4-49 del,Homozygous,,D1-C6,Exon 4-49,,,,,,,,,,
3,,Deletion,,Exon 6 del,Homozygous,,D1,Exon 6,,,,,,,,,,
3,,Duplication,,Exon 6 dup,-,,D1,Exon 6,,,,,,,,,,
3,,Deletion,,Exon 11-16 del,Homozygous,,D1-D2,Exon 11-16,,,,,,,,,,
3,,Deletion,,Exon 16-43 del,Homozygous,,D2-C3,Exon 16-43,,,,,,,,,,
3,,Deletion,,Exon 16-52 del,Homozygous,,D2-CK,Exon 16-52,,,,,,,,,,
3,,Deletion,,Exon 17-25 del,-,,D2-D3,Exon 17-25,,,,,,,,,,
3,,Deletion,,Exon 22-43 del,Homozygous,,D3-C3,Exon 22-43,,,,,,,,,,
3,,Deletion,,Exon 23-52 del,Homozygous,,,Exon 23-52,,,,,,,,,,
3,,Deletion,,Exon 33-38 del,Homozygous,,D4-C1,Exon 33-38,,,,,,,,,,
3,,Duplication,,Exon 38-42 dup,-,,D4-C2,Exon 38-42,,,,,,,,,,
3,,Deletion,,Exon 42 del,Homozygous,,C2,Exon 42,,,,,,,,,,
3,,Deletion,,61044kb del,Homozygous,,D1-D2,Exon 6-16,,,,,,,,,,
3,,Null allele,,"-41510_657+7928A*
del80,830bp",Homozygous,,,,,,,,,,,,,
3,,Conversion,,Gene conversion with pseudogene,Homozygous/ Compound heterozygous,Asn166 del; Gly839Glu fs*4; Cys2671Tyr,,,,,,,,,,,,
3,,Deletion,,253kb del,Homozygous,,,,,,,,,,,,,
